tweet_id	date	time	lang	country_code
1351758157547249664	2021-01-20	05:07:13	en	US
1351758525475688448	2021-01-20	05:08:41	en	US
1351758616303263746	2021-01-20	05:09:03	en	US
1351758726995169281	2021-01-20	05:09:29	en	US
1351758761099194369	2021-01-20	05:09:37	en	US
1351759293406736384	2021-01-20	05:11:44	en	US
1351759304257400833	2021-01-20	05:11:47	en	US
1351759392564146177	2021-01-20	05:12:08	en	US
1351759530070310912	2021-01-20	05:12:41	en	US
1351759548718182401	2021-01-20	05:12:45	en	US
1351759646390964226	2021-01-20	05:13:08	en	US
1351759690636562432	2021-01-20	05:13:19	en	US
1351759955330789377	2021-01-20	05:14:22	en	US
1351760618861244417	2021-01-20	05:17:00	en	US
1351760795978387456	2021-01-20	05:17:42	en	US
1351761228994142208	2021-01-20	05:19:26	en	US
1351761634973380611	2021-01-20	05:21:02	en	US
1351762185157029889	2021-01-20	05:23:14	en	US
1351762730882002944	2021-01-20	05:25:24	en	US
1351762868442550277	2021-01-20	05:25:57	en	US
1351763132662870017	2021-01-20	05:27:00	en	US
1351763307317882890	2021-01-20	05:27:41	en	US
1351763315345788928	2021-01-20	05:27:43	en	US
1351763937881161728	2021-01-20	05:30:12	en	US
1351764220535300096	2021-01-20	05:31:19	en	US
1351764450307616769	2021-01-20	05:32:14	en	US
1351764692482617347	2021-01-20	05:33:11	en	US
1351764913191006208	2021-01-20	05:34:04	en	US
1351765134516121600	2021-01-20	05:34:57	en	US
1351765282277240835	2021-01-20	05:35:32	en	US
1351765576461524994	2021-01-20	05:36:42	en	US
1351765658837639168	2021-01-20	05:37:02	en	US
1351766065349419009	2021-01-20	05:38:39	en	US
1351766608000249856	2021-01-20	05:40:48	en	US
1351767035236081665	2021-01-20	05:42:30	en	US
1351767112382087173	2021-01-20	05:42:48	en	US
1351767335162376192	2021-01-20	05:43:41	en	US
1351767986688897026	2021-01-20	05:46:17	en	US
1351768091693379585	2021-01-20	05:46:42	en	US
1351768242998501378	2021-01-20	05:47:18	en	US
1351768434900516864	2021-01-20	05:48:04	en	US
1351768459797880833	2021-01-20	05:48:10	en	US
1351768531356901376	2021-01-20	05:48:27	en	US
1351769457971126272	2021-01-20	05:52:08	en	US
1351769589663883267	2021-01-20	05:52:39	en	US
1351769759163977729	2021-01-20	05:53:19	en	US
1351769773013561351	2021-01-20	05:53:23	en	US
1351769869503623169	2021-01-20	05:53:46	en	US
1351770097543643138	2021-01-20	05:54:40	en	US
1351770457666674688	2021-01-20	05:56:06	en	US
1351770800681078785	2021-01-20	05:57:28	en	US
1351771216655224843	2021-01-20	05:59:07	en	US
1351771236456558595	2021-01-20	05:59:12	en	US
1351771323668844544	2021-01-20	05:59:32	en	US
1351771545774018560	2021-01-20	06:00:25	en	US
1351771552170307585	2021-01-20	06:00:27	en	US
1351772214589333504	2021-01-20	06:03:05	en	US
1351772258675564544	2021-01-20	06:03:15	en	US
1351772300656472064	2021-01-20	06:03:25	en	US
1351772474942382080	2021-01-20	06:04:07	en	US
1351772855235731456	2021-01-20	06:05:38	en	US
1351772999851143168	2021-01-20	06:06:12	en	US
1351774160284954626	2021-01-20	06:10:49	en	US
1351774728231424001	2021-01-20	06:13:04	en	US
1351774744694190080	2021-01-20	06:13:08	en	US
1351775298606383104	2021-01-20	06:15:20	en	US
1351775330428600320	2021-01-20	06:15:28	en	US
1351775439916699649	2021-01-20	06:15:54	en	US
1351775626408177665	2021-01-20	06:16:38	en	US
1351776077522284544	2021-01-20	06:18:26	en	US
1351776286490898433	2021-01-20	06:19:16	en	US
1351776334775607296	2021-01-20	06:19:27	en	US
1351776342719664130	2021-01-20	06:19:29	en	US
1351776405542076416	2021-01-20	06:19:44	en	US
1351776469819691010	2021-01-20	06:19:59	en	US
1351777107982995457	2021-01-20	06:22:32	en	US
1351777202463887368	2021-01-20	06:22:54	en	US
1351777445213421571	2021-01-20	06:23:52	en	US
1351777931270340609	2021-01-20	06:25:48	en	US
1351778269394329600	2021-01-20	06:27:08	en	US
1351779406042329088	2021-01-20	06:31:39	en	US
1351779478523969537	2021-01-20	06:31:57	en	US
1351779510312595456	2021-01-20	06:32:04	en	US
1351779847803031552	2021-01-20	06:33:25	en	US
1351780545877970944	2021-01-20	06:36:11	en	US
1351781105163243521	2021-01-20	06:38:25	en	US
1351781139845967874	2021-01-20	06:38:33	en	US
1351781800549511168	2021-01-20	06:41:10	en	US
1351782098630152197	2021-01-20	06:42:21	en	US
1351782116799836161	2021-01-20	06:42:26	en	US
1351782431079030785	2021-01-20	06:43:41	en	US
1351783016402714628	2021-01-20	06:46:00	en	US
1351783465872732160	2021-01-20	06:47:47	en	US
1351783668990308352	2021-01-20	06:48:36	en	US
1351783809792962561	2021-01-20	06:49:09	en	US
1351783868685193216	2021-01-20	06:49:23	en	US
1351784314300637186	2021-01-20	06:51:10	en	US
1351784369120153602	2021-01-20	06:51:23	en	US
1351784633780887553	2021-01-20	06:52:26	en	US
1351784792585629696	2021-01-20	06:53:04	en	US
1351784934948675593	2021-01-20	06:53:38	en	US
1351784991735205889	2021-01-20	06:53:51	en	US
1351785129069445120	2021-01-20	06:54:24	en	US
1351785390361948160	2021-01-20	06:55:26	en	US
1351785828092149762	2021-01-20	06:57:11	en	US
1351785923206213633	2021-01-20	06:57:33	en	US
1351786213494169600	2021-01-20	06:58:42	en	US
1351787341187149825	2021-01-20	07:03:11	en	US
1351787621106774017	2021-01-20	07:04:18	en	US
1351788899895398401	2021-01-20	07:09:23	en	US
1351789127578972160	2021-01-20	07:10:17	en	US
1351789922793959425	2021-01-20	07:13:27	en	US
1351791383615578112	2021-01-20	07:19:15	en	US
1351791693436125184	2021-01-20	07:20:29	en	US
1351792223306788864	2021-01-20	07:22:35	en	US
1351793006207111171	2021-01-20	07:25:42	en	US
1351793114378338305	2021-01-20	07:26:08	en	US
1351793393953718272	2021-01-20	07:27:14	en	US
1351793895034806275	2021-01-20	07:29:14	en	US
1351794393850785793	2021-01-20	07:31:13	en	US
1351794571047526400	2021-01-20	07:31:55	en	US
1351794712856965120	2021-01-20	07:32:29	en	US
1351794835460558849	2021-01-20	07:32:58	en	US
1351795107725410305	2021-01-20	07:34:03	en	US
1351795347635449857	2021-01-20	07:35:00	en	US
1351795451574452224	2021-01-20	07:35:25	en	US
1351795645896679424	2021-01-20	07:36:11	en	US
1351795660962590720	2021-01-20	07:36:15	en	US
1351797156299104256	2021-01-20	07:42:11	en	US
1351797272808308736	2021-01-20	07:42:39	en	US
1351797382221082624	2021-01-20	07:43:05	en	US
1351797790695849985	2021-01-20	07:44:43	en	US
1351798478884675587	2021-01-20	07:47:27	en	US
1351798535553953796	2021-01-20	07:47:40	en	US
1351798546551369728	2021-01-20	07:47:43	en	US
1351798863116423169	2021-01-20	07:48:58	en	US
1351798867793240064	2021-01-20	07:48:59	en	US
1351798989927182337	2021-01-20	07:49:29	en	US
1351799369603944451	2021-01-20	07:50:59	en	US
1351799382186749952	2021-01-20	07:51:02	en	US
1351799606653317120	2021-01-20	07:51:56	en	US
1351801108264603649	2021-01-20	07:57:54	en	US
1351801377136242692	2021-01-20	07:58:58	en	US
1351801651615526912	2021-01-20	08:00:03	en	US
1351801938157989888	2021-01-20	08:01:11	en	US
1351802564636004353	2021-01-20	08:03:41	en	US
1351803399881297925	2021-01-20	08:07:00	en	US
1351803665166823424	2021-01-20	08:08:03	en	US
1351804222321422337	2021-01-20	08:10:16	en	US
1351804585199992832	2021-01-20	08:11:43	en	US
1351804822282928130	2021-01-20	08:12:39	en	US
1351805093868433410	2021-01-20	08:13:44	en	US
1351805487017299968	2021-01-20	08:15:18	en	US
1351805582752309254	2021-01-20	08:15:40	en	US
1351805842601947140	2021-01-20	08:16:42	en	US
1351807633729019912	2021-01-20	08:23:49	en	US
1351808098504224768	2021-01-20	08:25:40	en	US
1351808195409424384	2021-01-20	08:26:03	en	US
1351809534151557120	2021-01-20	08:31:23	en	US
1351811056834895872	2021-01-20	08:37:26	en	US
1351811300200910850	2021-01-20	08:38:24	en	US
1351812157822828544	2021-01-20	08:41:48	en	US
1351812302346067968	2021-01-20	08:42:22	en	US
1351812704735023104	2021-01-20	08:43:58	en	US
1351813103185399808	2021-01-20	08:45:33	en	US
1351814634777399297	2021-01-20	08:51:39	en	US
1351814637650542593	2021-01-20	08:51:39	en	US
1351817283480518657	2021-01-20	09:02:10	en	US
1351818042292924416	2021-01-20	09:05:11	en	US
1351818164657647616	2021-01-20	09:05:40	en	US
1351818529054584834	2021-01-20	09:07:07	en	US
1351818714803560453	2021-01-20	09:07:51	en	US
1351819087073128448	2021-01-20	09:09:20	en	US
1351820508744937474	2021-01-20	09:14:59	en	US
1351820916028809216	2021-01-20	09:16:36	en	US
1351820944805920770	2021-01-20	09:16:43	en	US
1351821488110899200	2021-01-20	09:18:53	en	US
1351821622643097602	2021-01-20	09:19:25	en	US
1351821766822408193	2021-01-20	09:19:59	en	US
1351821861961822208	2021-01-20	09:20:22	en	US
1351823124933865473	2021-01-20	09:25:23	en	US
1351823254428774402	2021-01-20	09:25:54	en	US
1351824031461199874	2021-01-20	09:28:59	en	US
1351824154589339648	2021-01-20	09:29:28	en	US
1351824990459478016	2021-01-20	09:32:48	en	US
1351826698573123588	2021-01-20	09:39:35	en	US
1351827211850956800	2021-01-20	09:41:37	en	US
1351828046551007232	2021-01-20	09:44:56	en	US
1351829688180756480	2021-01-20	09:51:28	en	US
1351832325638774790	2021-01-20	10:01:56	en	US
1351833483488894977	2021-01-20	10:06:32	en	US
1351836145898954752	2021-01-20	10:17:07	en	US
1351836594953662465	2021-01-20	10:18:54	en	US
1351836627362959362	2021-01-20	10:19:02	en	US
1351836661592813568	2021-01-20	10:19:10	en	US
1351837665277186050	2021-01-20	10:23:09	en	US
1351837829085716485	2021-01-20	10:23:49	en	US
1351838522546782209	2021-01-20	10:26:34	en	US
1351839688122888192	2021-01-20	10:31:12	en	US
1351839776052133888	2021-01-20	10:31:33	en	US
1351839790967230466	2021-01-20	10:31:36	en	US
1351839797384523777	2021-01-20	10:31:38	en	US
1351839914497892352	2021-01-20	10:32:06	en	US
1351841219547181057	2021-01-20	10:37:17	en	US
1351843447251103744	2021-01-20	10:46:08	en	US
1351844096885846017	2021-01-20	10:48:43	en	US
1351844683111165952	2021-01-20	10:51:03	en	US
1351844909058297856	2021-01-20	10:51:57	en	US
1351845292119785473	2021-01-20	10:53:28	en	US
1351845299615125504	2021-01-20	10:53:30	en	US
1351845394758725632	2021-01-20	10:53:52	en	US
1351846409520164864	2021-01-20	10:57:54	en	US
1351847121729818624	2021-01-20	11:00:44	en	US
1351847594218160128	2021-01-20	11:02:37	en	US
1351847891279572992	2021-01-20	11:03:48	en	US
1351848170582470656	2021-01-20	11:04:54	en	US
1351848182611906560	2021-01-20	11:04:57	en	US
1351849344719314945	2021-01-20	11:09:34	en	US
1351849973663498241	2021-01-20	11:12:04	en	US
1351850942438768640	2021-01-20	11:15:55	en	US
1351851166053801984	2021-01-20	11:16:48	en	US
1351851495529062405	2021-01-20	11:18:07	en	US
1351851804141748225	2021-01-20	11:19:20	en	US
1351851883787395072	2021-01-20	11:19:39	en	US
1351852031900872705	2021-01-20	11:20:15	en	US
1351852605480308737	2021-01-20	11:22:32	en	US
1351853182721400832	2021-01-20	11:24:49	en	US
1351853318805598209	2021-01-20	11:25:22	en	US
1351853600083853314	2021-01-20	11:26:29	en	US
1351853774109859840	2021-01-20	11:27:10	en	US
1351854172488953857	2021-01-20	11:28:45	en	US
1351854243511033858	2021-01-20	11:29:02	en	US
1351855140920315904	2021-01-20	11:32:36	en	US
1351855989318967297	2021-01-20	11:35:58	en	US
1351856337408434177	2021-01-20	11:37:21	en	US
1351856535006113792	2021-01-20	11:38:08	en	US
1351856679093153794	2021-01-20	11:38:43	en	US
1351856928339718146	2021-01-20	11:39:42	en	US
1351856964733706241	2021-01-20	11:39:51	en	US
1351857152105787392	2021-01-20	11:40:36	en	US
1351857222624681987	2021-01-20	11:40:52	en	US
1351857348202147840	2021-01-20	11:41:22	en	US
1351857524165767169	2021-01-20	11:42:04	en	US
1351858045563805698	2021-01-20	11:44:09	en	US
1351858496791220224	2021-01-20	11:45:56	en	US
1351858546644803585	2021-01-20	11:46:08	en	US
1351858554005725186	2021-01-20	11:46:10	en	US
1351858817940783105	2021-01-20	11:47:13	en	US
1351859070412722176	2021-01-20	11:48:13	en	US
1351859288298418176	2021-01-20	11:49:05	en	US
1351859407253106690	2021-01-20	11:49:33	en	US
1351859616813113346	2021-01-20	11:50:23	en	US
1351859800632680448	2021-01-20	11:51:07	en	US
1351859962339880961	2021-01-20	11:51:46	en	US
1351860016056299520	2021-01-20	11:51:58	en	US
1351860254083002371	2021-01-20	11:52:55	en	US
1351860293543071746	2021-01-20	11:53:04	en	US
1351860425105813506	2021-01-20	11:53:36	en	US
1351860569406648327	2021-01-20	11:54:10	en	US
1351860831806484481	2021-01-20	11:55:13	en	US
1351860986089771008	2021-01-20	11:55:50	en	US
1351861622441177088	2021-01-20	11:58:21	en	US
1351862151049261058	2021-01-20	12:00:27	en	US
1351862171827888129	2021-01-20	12:00:32	en	US
1351862300370743299	2021-01-20	12:01:03	en	US
1351863427317174276	2021-01-20	12:05:32	en	US
1351863475321057285	2021-01-20	12:05:43	en	US
1351863906453450754	2021-01-20	12:07:26	en	US
1351864399439536128	2021-01-20	12:09:23	en	US
1351864726461018119	2021-01-20	12:10:41	en	US
1351865345531904004	2021-01-20	12:13:09	en	US
1351865693269086208	2021-01-20	12:14:32	en	US
1351865778824482818	2021-01-20	12:14:52	en	US
1351865960605515776	2021-01-20	12:15:36	en	US
1351866809327247367	2021-01-20	12:18:58	en	US
1351866902197506048	2021-01-20	12:19:20	en	US
1351867361918414849	2021-01-20	12:21:10	en	US
1351867451286413312	2021-01-20	12:21:31	en	US
1351868021632098305	2021-01-20	12:23:47	en	US
1351868370325565440	2021-01-20	12:25:10	en	US
1351868581009649666	2021-01-20	12:26:00	en	US
1351868867103088644	2021-01-20	12:27:09	en	US
1351869628323160071	2021-01-20	12:30:10	en	US
1351869629484969984	2021-01-20	12:30:10	en	US
1351869694047875072	2021-01-20	12:30:26	en	US
1351869998583713794	2021-01-20	12:31:38	en	US
1351870969762242560	2021-01-20	12:35:30	en	US
1351871186884562946	2021-01-20	12:36:22	en	US
1351871424135364616	2021-01-20	12:37:18	en	US
1351872122654756864	2021-01-20	12:40:05	en	US
1351872437152075780	2021-01-20	12:41:20	en	US
1351872642400268290	2021-01-20	12:42:09	en	US
1351872773598158850	2021-01-20	12:42:40	en	US
1351872819479670784	2021-01-20	12:42:51	en	US
1351872958302617600	2021-01-20	12:43:24	en	US
1351872959842033664	2021-01-20	12:43:24	en	US
1351872970625572865	2021-01-20	12:43:27	en	US
1351873055350513665	2021-01-20	12:43:47	en	US
1351873390433497088	2021-01-20	12:45:07	en	US
1351873459593347075	2021-01-20	12:45:24	en	US
1351873586764664842	2021-01-20	12:45:54	en	US
1351873703336927232	2021-01-20	12:46:22	en	US
1351873844601118720	2021-01-20	12:46:55	en	US
1351873893049511938	2021-01-20	12:47:07	en	US
1351874065225703424	2021-01-20	12:47:48	en	US
1351874316271542278	2021-01-20	12:48:48	en	US
1351874633385984000	2021-01-20	12:50:03	en	US
1351874648200380416	2021-01-20	12:50:07	en	US
1351874657545293830	2021-01-20	12:50:09	en	US
1351874702281764866	2021-01-20	12:50:20	en	US
1351874711274328068	2021-01-20	12:50:22	en	US
1351874755926876160	2021-01-20	12:50:33	en	US
1351874883312103424	2021-01-20	12:51:03	en	US
1351875092062597121	2021-01-20	12:51:53	en	US
1351875282005852162	2021-01-20	12:52:38	en	US
1351875305665933312	2021-01-20	12:52:44	en	US
1351875322883534856	2021-01-20	12:52:48	en	US
1351875855811825666	2021-01-20	12:54:55	en	US
1351875880742744065	2021-01-20	12:55:01	en	US
1351876051513843712	2021-01-20	12:55:41	en	US
1351876124872212482	2021-01-20	12:55:59	en	US
1351876540099944448	2021-01-20	12:57:38	en	US
1351876758686093312	2021-01-20	12:58:30	en	US
1351877227852521474	2021-01-20	13:00:22	en	US
1351877405544226816	2021-01-20	13:01:04	en	US
1351877541095759881	2021-01-20	13:01:37	en	US
1351878093200351233	2021-01-20	13:03:48	en	US
1351878107301617664	2021-01-20	13:03:52	en	US
1351878151153070083	2021-01-20	13:04:02	en	US
1351878275816067076	2021-01-20	13:04:32	en	US
1351878860967718913	2021-01-20	13:06:51	en	US
1351879251960750080	2021-01-20	13:08:25	en	US
1351879282130374662	2021-01-20	13:08:32	en	US
1351879299209555970	2021-01-20	13:08:36	en	US
1351879340712108032	2021-01-20	13:08:46	en	US
1351879442394705920	2021-01-20	13:09:10	en	US
1351879483066732545	2021-01-20	13:09:20	en	US
1351879744065835008	2021-01-20	13:10:22	en	US
1351880169028538369	2021-01-20	13:12:03	en	US
1351880589465579522	2021-01-20	13:13:43	en	US
1351880658860318721	2021-01-20	13:14:00	en	US
1351880678795862017	2021-01-20	13:14:05	en	US
1351881737626910721	2021-01-20	13:18:17	en	US
1351881973585768449	2021-01-20	13:19:13	en	US
1351881997107523584	2021-01-20	13:19:19	en	US
1351882130268311556	2021-01-20	13:19:51	en	US
1351882168964931585	2021-01-20	13:20:00	en	US
1351882255719919616	2021-01-20	13:20:21	en	US
1351882306424872960	2021-01-20	13:20:33	en	US
1351882387492380676	2021-01-20	13:20:52	en	US
1351882427887726596	2021-01-20	13:21:02	en	US
1351882555134500864	2021-01-20	13:21:32	en	US
1351882638340968449	2021-01-20	13:21:52	en	US
1351882645991518209	2021-01-20	13:21:54	en	US
1351882804183904259	2021-01-20	13:22:31	en	US
1351883085428625411	2021-01-20	13:23:38	en	US
1351883109315309570	2021-01-20	13:23:44	en	US
1351883459967524864	2021-01-20	13:25:08	en	US
1351883530670923778	2021-01-20	13:25:25	en	US
1351883563952705538	2021-01-20	13:25:33	en	US
1351883831381536768	2021-01-20	13:26:36	en	US
1351884196864733185	2021-01-20	13:28:03	en	US
1351884205639282689	2021-01-20	13:28:06	en	US
1351884261918466051	2021-01-20	13:28:19	en	US
1351884353433985027	2021-01-20	13:28:41	en	US
1351884510498066434	2021-01-20	13:29:18	en	US
1351884719164690435	2021-01-20	13:30:08	en	US
1351884817474977793	2021-01-20	13:30:31	en	US
1351885084610207744	2021-01-20	13:31:35	en	US
1351885241183559681	2021-01-20	13:32:12	en	US
1351885267561545733	2021-01-20	13:32:19	en	US
1351885311681433601	2021-01-20	13:32:29	en	US
1351885420410400768	2021-01-20	13:32:55	en	US
1351885683888168963	2021-01-20	13:33:58	en	US
1351885813357932544	2021-01-20	13:34:29	en	US
1351886211602931715	2021-01-20	13:36:04	en	US
1351886219072958464	2021-01-20	13:36:06	en	US
1351886814626381832	2021-01-20	13:38:28	en	US
1351886857525714947	2021-01-20	13:38:38	en	US
1351886955592744960	2021-01-20	13:39:01	en	US
1351887112593956868	2021-01-20	13:39:39	en	US
1351887407705161728	2021-01-20	13:40:49	en	US
1351887507697360902	2021-01-20	13:41:13	en	US
1351887545353822216	2021-01-20	13:41:22	en	US
1351887639125794816	2021-01-20	13:41:44	en	US
1351887647401267202	2021-01-20	13:41:46	en	US
1351887941199663104	2021-01-20	13:42:56	en	US
1351888056371073025	2021-01-20	13:43:24	en	US
1351888058132606976	2021-01-20	13:43:24	en	US
1351888073647288325	2021-01-20	13:43:28	en	US
1351888096355299328	2021-01-20	13:43:33	en	US
1351888124603985922	2021-01-20	13:43:40	en	US
1351888136423530496	2021-01-20	13:43:43	en	US
1351888140462481415	2021-01-20	13:43:44	en	US
1351888144182947846	2021-01-20	13:43:45	en	US
1351888235635630082	2021-01-20	13:44:06	en	US
1351888283429646336	2021-01-20	13:44:18	en	US
1351888312974405634	2021-01-20	13:44:25	en	US
1351888473867886592	2021-01-20	13:45:03	en	US
1351888479345549312	2021-01-20	13:45:05	en	US
1351888623889743872	2021-01-20	13:45:39	en	US
1351888706102325251	2021-01-20	13:45:59	en	US
1351889247670857730	2021-01-20	13:48:08	en	US
1351889496397271043	2021-01-20	13:49:07	en	US
1351889551153913856	2021-01-20	13:49:20	en	US
1351889708830355458	2021-01-20	13:49:58	en	US
1351889715453186049	2021-01-20	13:49:59	en	US
1351889791231602688	2021-01-20	13:50:17	en	US
1351889924786630660	2021-01-20	13:50:49	en	US
1351889928028905472	2021-01-20	13:50:50	en	US
1351890204890693633	2021-01-20	13:51:56	en	US
1351890506612031494	2021-01-20	13:53:08	en	US
1351890509095182339	2021-01-20	13:53:08	en	US
1351890557778464769	2021-01-20	13:53:20	en	US
1351890710396473344	2021-01-20	13:53:56	en	US
1351890777899675649	2021-01-20	13:54:13	en	US
1351890803140878338	2021-01-20	13:54:19	en	US
1351891387042639874	2021-01-20	13:56:38	en	US
1351891475894849541	2021-01-20	13:56:59	en	US
1351891578139389955	2021-01-20	13:57:23	en	US
1351891581507432449	2021-01-20	13:57:24	en	US
1351891663015317505	2021-01-20	13:57:44	en	US
1351891719692967937	2021-01-20	13:57:57	en	US
1351892052292808705	2021-01-20	13:59:16	en	US
1351892863932461056	2021-01-20	14:02:30	en	US
1351892917997228035	2021-01-20	14:02:43	en	US
1351892974871977987	2021-01-20	14:02:56	en	US
1351893009785380867	2021-01-20	14:03:05	en	US
1351893036918312962	2021-01-20	14:03:11	en	US
1351893205147475970	2021-01-20	14:03:51	en	US
1351893346285985792	2021-01-20	14:04:25	en	US
1351893400107233281	2021-01-20	14:04:38	en	US
1351893623567167491	2021-01-20	14:05:31	en	US
1351893779897339904	2021-01-20	14:06:08	en	US
1351893941629706244	2021-01-20	14:06:47	en	US
1351894002614890498	2021-01-20	14:07:01	en	US
1351894097343123457	2021-01-20	14:07:24	en	US
1351894260191293440	2021-01-20	14:08:03	en	US
1351894423446171649	2021-01-20	14:08:42	en	US
1351894486125842438	2021-01-20	14:08:57	en	US
1351894523190910980	2021-01-20	14:09:05	en	US
1351895016625606659	2021-01-20	14:11:03	en	US
1351895217092272128	2021-01-20	14:11:51	en	US
1351895495850029056	2021-01-20	14:12:57	en	US
1351895501113847809	2021-01-20	14:12:59	en	US
1351895865028435970	2021-01-20	14:14:25	en	US
1351895898280886273	2021-01-20	14:14:33	en	US
1351896084403146755	2021-01-20	14:15:18	en	US
1351896095719370753	2021-01-20	14:15:20	en	US
1351896259452424193	2021-01-20	14:15:59	en	US
1351896489610653696	2021-01-20	14:16:54	en	US
1351896607923568641	2021-01-20	14:17:23	en	US
1351896660301869056	2021-01-20	14:17:35	en	US
1351896661765844995	2021-01-20	14:17:35	en	US
1351896924169801730	2021-01-20	14:18:38	en	US
1351897075663908872	2021-01-20	14:19:14	en	US
1351897576518381570	2021-01-20	14:21:13	en	US
1351897789987483650	2021-01-20	14:22:04	en	US
1351897903384690690	2021-01-20	14:22:31	en	US
1351898066702327808	2021-01-20	14:23:10	en	US
1351898285531828228	2021-01-20	14:24:02	en	US
1351898420814950404	2021-01-20	14:24:35	en	US
1351898630425354240	2021-01-20	14:25:25	en	US
1351898654420959232	2021-01-20	14:25:30	en	US
1351898655813480452	2021-01-20	14:25:31	en	US
1351899036781985794	2021-01-20	14:27:02	en	US
1351899148749070339	2021-01-20	14:27:28	en	US
1351899306706530307	2021-01-20	14:28:06	en	US
1351899498851803139	2021-01-20	14:28:52	en	US
1351899558968782851	2021-01-20	14:29:06	en	US
1351899605886070784	2021-01-20	14:29:17	en	US
1351899661586481152	2021-01-20	14:29:31	en	US
1351899688908320770	2021-01-20	14:29:37	en	US
1351899705916219395	2021-01-20	14:29:41	en	US
1351899967581990913	2021-01-20	14:30:44	en	US
1351899972200001541	2021-01-20	14:30:45	en	US
1351900184276512770	2021-01-20	14:31:35	en	US
1351900228065128450	2021-01-20	14:31:46	en	US
1351900347787317248	2021-01-20	14:32:14	en	US
1351900450837114880	2021-01-20	14:32:39	en	US
1351900788877094912	2021-01-20	14:33:59	en	US
1351900906552496129	2021-01-20	14:34:27	en	US
1351900978589560833	2021-01-20	14:34:45	en	US
1351900991269040129	2021-01-20	14:34:48	en	US
1351901102694936576	2021-01-20	14:35:14	en	US
1351901303082016769	2021-01-20	14:36:02	en	US
1351901501883625477	2021-01-20	14:36:49	en	US
1351901700404219909	2021-01-20	14:37:37	en	US
1351901927559360513	2021-01-20	14:38:31	en	US
1351902109088833544	2021-01-20	14:39:14	en	US
1351902122799992832	2021-01-20	14:39:17	en	US
1351902335644147712	2021-01-20	14:40:08	en	US
1351902705590149120	2021-01-20	14:41:36	en	US
1351903070050017280	2021-01-20	14:43:03	en	US
1351903233850032130	2021-01-20	14:43:42	en	US
1351903402582712320	2021-01-20	14:44:22	en	US
1351903457343647750	2021-01-20	14:44:36	en	US
1351903746800775168	2021-01-20	14:45:45	en	US
1351903815579168768	2021-01-20	14:46:01	en	US
1351903877453512705	2021-01-20	14:46:16	en	US
1351903995149897729	2021-01-20	14:46:44	en	US
1351904058047668225	2021-01-20	14:46:59	en	US
1351904070768996353	2021-01-20	14:47:02	en	US
1351904192852586497	2021-01-20	14:47:31	en	US
1351904363279773697	2021-01-20	14:48:12	en	US
1351904379884896259	2021-01-20	14:48:15	en	US
1351904523959341059	2021-01-20	14:48:50	en	US
1351904606088003589	2021-01-20	14:49:09	en	US
1351904727492161537	2021-01-20	14:49:38	en	US
1351904786002575361	2021-01-20	14:49:52	en	US
1351904829518430208	2021-01-20	14:50:03	en	US
1351904875588833282	2021-01-20	14:50:14	en	US
1351904930538397697	2021-01-20	14:50:27	en	US
1351904967892885504	2021-01-20	14:50:36	en	US
1351905117138636802	2021-01-20	14:51:11	en	US
1351905288438349828	2021-01-20	14:51:52	en	US
1351905317299355648	2021-01-20	14:51:59	en	US
1351905388044681217	2021-01-20	14:52:16	en	US
1351905497717346306	2021-01-20	14:52:42	en	US
1351905540021092352	2021-01-20	14:52:52	en	US
1351905639442702338	2021-01-20	14:53:16	en	US
1351905831177117698	2021-01-20	14:54:02	en	US
1351905862743281667	2021-01-20	14:54:09	en	US
1351905870179954691	2021-01-20	14:54:11	en	US
1351906251257507843	2021-01-20	14:55:42	en	US
1351906666053316614	2021-01-20	14:57:21	en	US
1351907033960902664	2021-01-20	14:58:48	en	US
1351907203523993605	2021-01-20	14:59:29	en	US
1351907346339962882	2021-01-20	15:00:03	en	US
1351907555912675329	2021-01-20	15:00:53	en	US
1351907577383317506	2021-01-20	15:00:58	en	US
1351907829276356613	2021-01-20	15:01:58	en	US
1351907831344205829	2021-01-20	15:01:58	en	US
1351907887354929159	2021-01-20	15:02:12	en	US
1351908077356908546	2021-01-20	15:02:57	en	US
1351908230251782144	2021-01-20	15:03:33	en	US
1351908254029402113	2021-01-20	15:03:39	en	US
1351908267463737345	2021-01-20	15:03:42	en	US
1351908399567527936	2021-01-20	15:04:14	en	US
1351908611035959297	2021-01-20	15:05:04	en	US
1351908725783580675	2021-01-20	15:05:32	en	US
1351908830104399883	2021-01-20	15:05:57	en	US
1351909083339751427	2021-01-20	15:06:57	en	US
1351909109558353922	2021-01-20	15:07:03	en	US
1351909171420155904	2021-01-20	15:07:18	en	US
1351909234049474563	2021-01-20	15:07:33	en	US
1351909243474087943	2021-01-20	15:07:35	en	US
1351909268224663552	2021-01-20	15:07:41	en	US
1351909819444322305	2021-01-20	15:09:52	en	US
1351909841749553154	2021-01-20	15:09:58	en	US
1351909987518451714	2021-01-20	15:10:32	en	US
1351910080279547904	2021-01-20	15:10:55	en	US
1351910087271608321	2021-01-20	15:10:56	en	US
1351910122008834053	2021-01-20	15:11:05	en	US
1351910158197280770	2021-01-20	15:11:13	en	US
1351910194566070274	2021-01-20	15:11:22	en	US
1351910268599676928	2021-01-20	15:11:39	en	US
1351910629381009410	2021-01-20	15:13:05	en	US
1351910709379133440	2021-01-20	15:13:25	en	US
1351911106432937989	2021-01-20	15:14:59	en	US
1351911113273839618	2021-01-20	15:15:01	en	US
1351911234464047108	2021-01-20	15:15:30	en	US
1351911274888781830	2021-01-20	15:15:39	en	US
1351911418505822210	2021-01-20	15:16:14	en	US
1351911541747146756	2021-01-20	15:16:43	en	US
1351911590560477185	2021-01-20	15:16:55	en	US
1351911658357141509	2021-01-20	15:17:11	en	US
1351911831942680580	2021-01-20	15:17:52	en	US
1351911925039439873	2021-01-20	15:18:14	en	US
1351911995306635264	2021-01-20	15:18:31	en	US
1351912027371945986	2021-01-20	15:18:39	en	US
1351912096548728832	2021-01-20	15:18:55	en	US
1351912129520140297	2021-01-20	15:19:03	en	US
1351912241252089864	2021-01-20	15:19:30	en	US
1351912455295934464	2021-01-20	15:20:21	en	US
1351912615358967812	2021-01-20	15:20:59	en	US
1351912625014243333	2021-01-20	15:21:01	en	US
1351912888877916161	2021-01-20	15:22:04	en	US
1351912911678152706	2021-01-20	15:22:10	en	US
1351912912366002178	2021-01-20	15:22:10	en	US
1351912961133203458	2021-01-20	15:22:21	en	US
1351912989700595712	2021-01-20	15:22:28	en	US
1351913011905089536	2021-01-20	15:22:34	en	US
1351913022097338379	2021-01-20	15:22:36	en	US
1351913248229044224	2021-01-20	15:23:30	en	US
1351913254365376516	2021-01-20	15:23:31	en	US
1351913343754276865	2021-01-20	15:23:53	en	US
1351913373944995843	2021-01-20	15:24:00	en	US
1351913445810085891	2021-01-20	15:24:17	en	US
1351913527108399107	2021-01-20	15:24:36	en	US
1351913969787793411	2021-01-20	15:26:22	en	US
1351914127296520193	2021-01-20	15:26:59	en	US
1351914190378831878	2021-01-20	15:27:14	en	US
1351914239254937601	2021-01-20	15:27:26	en	US
1351914345639325697	2021-01-20	15:27:52	en	US
1351914421610713094	2021-01-20	15:28:10	en	US
1351914628763279364	2021-01-20	15:28:59	en	US
1351914699298844672	2021-01-20	15:29:16	en	US
1351914715698483200	2021-01-20	15:29:20	en	US
1351914727665000451	2021-01-20	15:29:23	en	US
1351915126648156162	2021-01-20	15:30:58	en	US
1351915774374518790	2021-01-20	15:33:32	en	US
1351916231645925378	2021-01-20	15:35:21	en	US
1351916304190476290	2021-01-20	15:35:38	en	US
1351916864193130496	2021-01-20	15:37:52	en	US
1351916917423009798	2021-01-20	15:38:05	en	US
1351917086327627785	2021-01-20	15:38:45	en	US
1351917107466919937	2021-01-20	15:38:50	en	US
1351917114953613313	2021-01-20	15:38:52	en	US
1351917236034924548	2021-01-20	15:39:21	en	US
1351917508622745602	2021-01-20	15:40:26	en	US
1351917845811261446	2021-01-20	15:41:46	en	US
1351918224410103811	2021-01-20	15:43:16	en	US
1351918474096996353	2021-01-20	15:44:16	en	US
1351918910342193153	2021-01-20	15:46:00	en	US
1351918966265020417	2021-01-20	15:46:13	en	US
1351919043721228289	2021-01-20	15:46:32	en	US
1351919584325074945	2021-01-20	15:48:41	en	US
1351920293128904704	2021-01-20	15:51:30	en	US
1351920380533997574	2021-01-20	15:51:50	en	US
1351920904369025029	2021-01-20	15:53:55	en	US
1351921019791892486	2021-01-20	15:54:23	en	US
1351921024728752128	2021-01-20	15:54:24	en	US
1351921186758828033	2021-01-20	15:55:03	en	US
1351921223127674882	2021-01-20	15:55:11	en	US
1351921236130095107	2021-01-20	15:55:14	en	US
1351921282300915720	2021-01-20	15:55:25	en	US
1351921669271535618	2021-01-20	15:56:58	en	US
1351921731867435010	2021-01-20	15:57:13	en	US
1351921961610448901	2021-01-20	15:58:07	en	US
1351922105101778949	2021-01-20	15:58:42	en	US
1351922140124123142	2021-01-20	15:58:50	en	US
1351922243538997250	2021-01-20	15:59:15	en	US
1351922678316355584	2021-01-20	16:00:58	en	US
1351922957157806080	2021-01-20	16:02:05	en	US
1351923063298940933	2021-01-20	16:02:30	en	US
1351923103086084096	2021-01-20	16:02:39	en	US
1351923365074894851	2021-01-20	16:03:42	en	US
1351923568762707973	2021-01-20	16:04:30	en	US
1351923825441554433	2021-01-20	16:05:32	en	US
1351923899248754690	2021-01-20	16:05:49	en	US
1351923957650354191	2021-01-20	16:06:03	en	US
1351924055704821767	2021-01-20	16:06:27	en	US
1351924069403267075	2021-01-20	16:06:30	en	US
1351924188701974532	2021-01-20	16:06:58	en	US
1351924244914049025	2021-01-20	16:07:12	en	US
1351924440267833344	2021-01-20	16:07:58	en	US
1351925183590891524	2021-01-20	16:10:55	en	US
1351925371550183428	2021-01-20	16:11:40	en	US
1351925455612502018	2021-01-20	16:12:00	en	US
1351925456715608068	2021-01-20	16:12:01	en	US
1351925594641076229	2021-01-20	16:12:33	en	US
1351925826657415170	2021-01-20	16:13:29	en	US
1351925920119091203	2021-01-20	16:13:51	en	US
1351925942114021378	2021-01-20	16:13:56	en	US
1351925990478520328	2021-01-20	16:14:08	en	US
1351926285946286080	2021-01-20	16:15:18	en	US
1351926337041293312	2021-01-20	16:15:30	en	US
1351926692751826948	2021-01-20	16:16:55	en	US
1351926912361390080	2021-01-20	16:17:48	en	US
1351926914966028290	2021-01-20	16:17:48	en	US
1351927508455841793	2021-01-20	16:20:10	en	US
1351927689402343425	2021-01-20	16:20:53	en	US
1351928028704735239	2021-01-20	16:22:14	en	US
1351928239518863361	2021-01-20	16:23:04	en	US
1351928460042764290	2021-01-20	16:23:57	en	US
1351928524240781316	2021-01-20	16:24:12	en	US
1351928571770658818	2021-01-20	16:24:23	en	US
1351928619657031691	2021-01-20	16:24:35	en	US
1351928948293251072	2021-01-20	16:25:53	en	US
1351928983517069314	2021-01-20	16:26:01	en	US
1351929043332063233	2021-01-20	16:26:16	en	US
1351929047564099584	2021-01-20	16:26:17	en	US
1351929087607123968	2021-01-20	16:26:26	en	US
1351929106305327104	2021-01-20	16:26:31	en	US
1351929459058876424	2021-01-20	16:27:55	en	US
1351929599513399296	2021-01-20	16:28:28	en	US
1351929817244037125	2021-01-20	16:29:20	en	US
1351930100275687428	2021-01-20	16:30:28	en	US
1351930194169376771	2021-01-20	16:30:50	en	US
1351930370833477633	2021-01-20	16:31:32	en	US
1351930535032061960	2021-01-20	16:32:11	en	US
1351930615038357511	2021-01-20	16:32:30	en	US
1351930661838467079	2021-01-20	16:32:42	en	US
1351930686773538816	2021-01-20	16:32:48	en	US
1351931149094817793	2021-01-20	16:34:38	en	US
1351931191788777473	2021-01-20	16:34:48	en	US
1351931208058417153	2021-01-20	16:34:52	en	US
1351931280695455745	2021-01-20	16:35:09	en	US
1351931463764160514	2021-01-20	16:35:53	en	US
1351931500581826560	2021-01-20	16:36:02	en	US
1351931809131421702	2021-01-20	16:37:15	en	US
1351931953579175937	2021-01-20	16:37:50	en	US
1351931971262423044	2021-01-20	16:37:54	en	US
1351932292801966082	2021-01-20	16:39:10	en	US
1351932448322572296	2021-01-20	16:39:48	en	US
1351932596406480899	2021-01-20	16:40:23	en	US
1351932703168471043	2021-01-20	16:40:48	en	US
1351933178072731648	2021-01-20	16:42:42	en	US
1351933818421338115	2021-01-20	16:45:14	en	US
1351934007903076354	2021-01-20	16:45:59	en	US
1351934519725617159	2021-01-20	16:48:01	en	US
1351934583768494081	2021-01-20	16:48:17	en	US
1351934799829561344	2021-01-20	16:49:08	en	US
1351934802069434377	2021-01-20	16:49:09	en	US
1351934957321502721	2021-01-20	16:49:46	en	US
1351934962044448774	2021-01-20	16:49:47	en	US
1351935173122658308	2021-01-20	16:50:37	en	US
1351935238285484033	2021-01-20	16:50:53	en	US
1351935426550931456	2021-01-20	16:51:38	en	US
1351935678494375936	2021-01-20	16:52:38	en	US
1351935906228350976	2021-01-20	16:53:32	en	US
1351936052622028803	2021-01-20	16:54:07	en	US
1351936117906567170	2021-01-20	16:54:22	en	US
1351936431267205123	2021-01-20	16:55:37	en	US
1351936540423974914	2021-01-20	16:56:03	en	US
1351936735089979395	2021-01-20	16:56:50	en	US
1351936851834236929	2021-01-20	16:57:17	en	US
1351937063982145537	2021-01-20	16:58:08	en	US
1351937117082034182	2021-01-20	16:58:21	en	US
1351937432200089604	2021-01-20	16:59:36	en	US
1351937442920718337	2021-01-20	16:59:38	en	US
1351937622327742466	2021-01-20	17:00:21	en	US
1351937787507851267	2021-01-20	17:01:00	en	US
1351937882827722753	2021-01-20	17:01:23	en	US
1351937976444588034	2021-01-20	17:01:46	en	US
1351938036427350020	2021-01-20	17:02:00	en	US
1351938049349976065	2021-01-20	17:02:03	en	US
1351938143726014465	2021-01-20	17:02:25	en	US
1351938259597864960	2021-01-20	17:02:53	en	US
1351938358046580738	2021-01-20	17:03:17	en	US
1351938472983015424	2021-01-20	17:03:44	en	US
1351938661336698880	2021-01-20	17:04:29	en	US
1351938929646202883	2021-01-20	17:05:33	en	US
1351938980695076866	2021-01-20	17:05:45	en	US
1351939217455198213	2021-01-20	17:06:41	en	US
1351939287730642946	2021-01-20	17:06:58	en	US
1351939312250724352	2021-01-20	17:07:04	en	US
1351939400159145990	2021-01-20	17:07:25	en	US
1351939438956347398	2021-01-20	17:07:34	en	US
1351939621039575040	2021-01-20	17:08:18	en	US
1351939630048927746	2021-01-20	17:08:20	en	US
1351939832403030018	2021-01-20	17:09:08	en	US
1351939940662259714	2021-01-20	17:09:34	en	US
1351939983427432448	2021-01-20	17:09:44	en	US
1351940002847068162	2021-01-20	17:09:49	en	US
1351940024858644482	2021-01-20	17:09:54	en	US
1351940096971341826	2021-01-20	17:10:11	en	US
1351940183797719044	2021-01-20	17:10:32	en	US
1351940219495305216	2021-01-20	17:10:40	en	US
1351940248863989763	2021-01-20	17:10:47	en	US
1351940317801537543	2021-01-20	17:11:04	en	US
1351940591316295680	2021-01-20	17:12:09	en	US
1351940592545226752	2021-01-20	17:12:09	en	US
1351940603995684867	2021-01-20	17:12:12	en	US
1351940698388508675	2021-01-20	17:12:34	en	US
1351940700233986050	2021-01-20	17:12:35	en	US
1351940714352009225	2021-01-20	17:12:38	en	US
1351940811093643264	2021-01-20	17:13:01	en	US
1351940820920897537	2021-01-20	17:13:04	en	US
1351940938478837766	2021-01-20	17:13:32	en	US
1351941005948424199	2021-01-20	17:13:48	en	US
1351941068514852865	2021-01-20	17:14:03	en	US
1351941082481909768	2021-01-20	17:14:06	en	US
1351941158394605569	2021-01-20	17:14:24	en	US
1351941278062280707	2021-01-20	17:14:53	en	US
1351941305199312898	2021-01-20	17:14:59	en	US
1351941416755339275	2021-01-20	17:15:26	en	US
1351941549937090560	2021-01-20	17:15:58	en	US
1351941603179507715	2021-01-20	17:16:10	en	US
1351941628303433728	2021-01-20	17:16:16	en	US
1351941747602051074	2021-01-20	17:16:45	en	US
1351941829051248641	2021-01-20	17:17:04	en	US
1351941844486131713	2021-01-20	17:17:08	en	US
1351941924421332994	2021-01-20	17:17:27	en	US
1351941947863175171	2021-01-20	17:17:32	en	US
1351941953647235080	2021-01-20	17:17:34	en	US
1351942015886503937	2021-01-20	17:17:49	en	US
1351942421245026305	2021-01-20	17:19:25	en	US
1351942588740329480	2021-01-20	17:20:05	en	US
1351942623875895296	2021-01-20	17:20:14	en	US
1351943065313947654	2021-01-20	17:21:59	en	US
1351943085006213120	2021-01-20	17:22:04	en	US
1351943232528277512	2021-01-20	17:22:39	en	US
1351943244658180097	2021-01-20	17:22:42	en	US
1351943356440481792	2021-01-20	17:23:08	en	US
1351943358873145344	2021-01-20	17:23:09	en	US
1351943390255001604	2021-01-20	17:23:16	en	US
1351943422580563968	2021-01-20	17:23:24	en	US
1351943475370057734	2021-01-20	17:23:37	en	US
1351943598208647172	2021-01-20	17:24:06	en	US
1351943639283412992	2021-01-20	17:24:16	en	US
1351943653007224833	2021-01-20	17:24:19	en	US
1351943841398493184	2021-01-20	17:25:04	en	US
1351943864236580869	2021-01-20	17:25:09	en	US
1351944338704642048	2021-01-20	17:27:02	en	US
1351944604182933506	2021-01-20	17:28:06	en	US
1351944701570551808	2021-01-20	17:28:29	en	US
1351945080035274754	2021-01-20	17:29:59	en	US
1351945466972303361	2021-01-20	17:31:31	en	US
1351945473641345026	2021-01-20	17:31:33	en	US
1351945695138340874	2021-01-20	17:32:26	en	US
1351945862033920000	2021-01-20	17:33:06	en	US
1351946399991042051	2021-01-20	17:35:14	en	US
1351946467905318914	2021-01-20	17:35:30	en	US
1351946569348755457	2021-01-20	17:35:54	en	US
1351946698885574663	2021-01-20	17:36:25	en	US
1351946756150460417	2021-01-20	17:36:39	en	US
1351946781333061633	2021-01-20	17:36:45	en	US
1351946909510889477	2021-01-20	17:37:15	en	US
1351946951584059397	2021-01-20	17:37:25	en	US
1351947101966659589	2021-01-20	17:38:01	en	US
1351947147386580993	2021-01-20	17:38:12	en	US
1351947173081067520	2021-01-20	17:38:18	en	US
1351947675063693314	2021-01-20	17:40:18	en	US
1351947735365275649	2021-01-20	17:40:32	en	US
1351947804831219713	2021-01-20	17:40:49	en	US
1351947886309724161	2021-01-20	17:41:08	en	US
1351947949387952129	2021-01-20	17:41:23	en	US
1351948032766574595	2021-01-20	17:41:43	en	US
1351948066840997888	2021-01-20	17:41:51	en	US
1351948149909315584	2021-01-20	17:42:11	en	US
1351948265344757766	2021-01-20	17:42:39	en	US
1351948342465622017	2021-01-20	17:42:57	en	US
1351948366444457985	2021-01-20	17:43:03	en	US
1351948432471154689	2021-01-20	17:43:18	en	US
1351948438993301508	2021-01-20	17:43:20	en	US
1351948478017105924	2021-01-20	17:43:29	en	US
1351948709756624901	2021-01-20	17:44:25	en	US
1351948758041448451	2021-01-20	17:44:36	en	US
1351948812013744135	2021-01-20	17:44:49	en	US
1351949162149863425	2021-01-20	17:46:12	en	US
1351949200087506953	2021-01-20	17:46:21	en	US
1351949484947873793	2021-01-20	17:47:29	en	US
1351949551159173136	2021-01-20	17:47:45	en	US
1351949765332779009	2021-01-20	17:48:36	en	US
1351950049111121921	2021-01-20	17:49:44	en	US
1351950123161559045	2021-01-20	17:50:02	en	US
1351950694597750788	2021-01-20	17:52:18	en	US
1351950695067496448	2021-01-20	17:52:18	en	US
1351950732891709443	2021-01-20	17:52:27	en	US
1351950744543502339	2021-01-20	17:52:30	en	US
1351950906019950592	2021-01-20	17:53:08	en	US
1351950923027935233	2021-01-20	17:53:12	en	US
1351950959832829959	2021-01-20	17:53:21	en	US
1351951106826506243	2021-01-20	17:53:56	en	US
1351951131757342720	2021-01-20	17:54:02	en	US
1351951505784451078	2021-01-20	17:55:31	en	US
1351951546095869953	2021-01-20	17:55:41	en	US
1351951936191344645	2021-01-20	17:57:14	en	US
1351952317151539201	2021-01-20	17:58:45	en	US
1351952332167122945	2021-01-20	17:58:48	en	US
1351952439356911619	2021-01-20	17:59:14	en	US
1351952452027875330	2021-01-20	17:59:17	en	US
1351952462043897857	2021-01-20	17:59:19	en	US
1351952541991333898	2021-01-20	17:59:38	en	US
1351952783541497863	2021-01-20	18:00:36	en	US
1351952887014957060	2021-01-20	18:01:00	en	US
1351953338099666945	2021-01-20	18:02:48	en	US
1351953416755572737	2021-01-20	18:03:07	en	US
1351953733157089281	2021-01-20	18:04:22	en	US
1351953881182461953	2021-01-20	18:04:58	en	US
1351953912237088776	2021-01-20	18:05:05	en	US
1351954277858742272	2021-01-20	18:06:32	en	US
1351954653026676738	2021-01-20	18:08:02	en	US
1351954851924762627	2021-01-20	18:08:49	en	US
1351954914705027074	2021-01-20	18:09:04	en	US
1351954925283139585	2021-01-20	18:09:06	en	US
1351955158872121344	2021-01-20	18:10:02	en	US
1351955229911240712	2021-01-20	18:10:19	en	US
1351955384244842501	2021-01-20	18:10:56	en	US
1351955567892455425	2021-01-20	18:11:40	en	US
1351955601195196422	2021-01-20	18:11:48	en	US
1351955690860920832	2021-01-20	18:12:09	en	US
1351955778039668738	2021-01-20	18:12:30	en	US
1351955944750673927	2021-01-20	18:13:10	en	US
1351956254739091459	2021-01-20	18:14:23	en	US
1351956549585887233	2021-01-20	18:15:34	en	US
1351956761985605632	2021-01-20	18:16:24	en	US
1351956820777181186	2021-01-20	18:16:38	en	US
1351956902561935366	2021-01-20	18:16:58	en	US
1351957270582743041	2021-01-20	18:18:26	en	US
1351957524740780041	2021-01-20	18:19:26	en	US
1351957953100787714	2021-01-20	18:21:08	en	US
1351958025402281988	2021-01-20	18:21:26	en	US
1351958031131672586	2021-01-20	18:21:27	en	US
1351958068913991685	2021-01-20	18:21:36	en	US
1351958169392713729	2021-01-20	18:22:00	en	US
1351958321801162752	2021-01-20	18:22:36	en	US
1351958362666229760	2021-01-20	18:22:46	en	US
1351958528173465600	2021-01-20	18:23:25	en	US
1351958587908780036	2021-01-20	18:23:40	en	US
1351958594246336520	2021-01-20	18:23:41	en	US
1351958851982155779	2021-01-20	18:24:43	en	US
1351959046639783937	2021-01-20	18:25:29	en	US
1351959179829899266	2021-01-20	18:26:01	en	US
1351959596357791752	2021-01-20	18:27:40	en	US
1351960078383943680	2021-01-20	18:29:35	en	US
1351960257292095496	2021-01-20	18:30:18	en	US
1351960347889053699	2021-01-20	18:30:39	en	US
1351960554433249282	2021-01-20	18:31:29	en	US
1351960628080963584	2021-01-20	18:31:46	en	US
1351960715347673089	2021-01-20	18:32:07	en	US
1351960826593357825	2021-01-20	18:32:33	en	US
1351961067404947458	2021-01-20	18:33:31	en	US
1351961164008230915	2021-01-20	18:33:54	en	US
1351961212045680640	2021-01-20	18:34:05	en	US
1351961516464091136	2021-01-20	18:35:18	en	US
1351961725109743622	2021-01-20	18:36:08	en	US
1351962031050661889	2021-01-20	18:37:21	en	US
1351962308289982471	2021-01-20	18:38:27	en	US
1351962482386952193	2021-01-20	18:39:08	en	US
1351962544336990210	2021-01-20	18:39:23	en	US
1351962575743967234	2021-01-20	18:39:30	en	US
1351962790127403009	2021-01-20	18:40:22	en	US
1351962894603317249	2021-01-20	18:40:46	en	US
1351963048173576192	2021-01-20	18:41:23	en	US
1351963137654841346	2021-01-20	18:41:44	en	US
1351963175210553344	2021-01-20	18:41:53	en	US
1351963214498603011	2021-01-20	18:42:03	en	US
1351963581609357316	2021-01-20	18:43:30	en	US
1351963666661433345	2021-01-20	18:43:51	en	US
1351963740107919360	2021-01-20	18:44:08	en	US
1351963751189262336	2021-01-20	18:44:11	en	US
1351963910040125448	2021-01-20	18:44:49	en	US
1351964298642391043	2021-01-20	18:46:21	en	US
1351964418716930056	2021-01-20	18:46:50	en	US
1351964484336836609	2021-01-20	18:47:06	en	US
1351964507892027392	2021-01-20	18:47:11	en	US
1351964708753059848	2021-01-20	18:47:59	en	US
1351964822989058049	2021-01-20	18:48:26	en	US
1351964850398797826	2021-01-20	18:48:33	en	US
1351964859831902214	2021-01-20	18:48:35	en	US
1351965900241588227	2021-01-20	18:52:43	en	US
1351966376441819139	2021-01-20	18:54:37	en	US
1351966482004123651	2021-01-20	18:55:02	en	US
1351966500626735106	2021-01-20	18:55:06	en	US
1351966793334718464	2021-01-20	18:56:16	en	US
1351967007877570560	2021-01-20	18:57:07	en	US
1351967073149333507	2021-01-20	18:57:23	en	US
1351967282663186438	2021-01-20	18:58:13	en	US
1351967404075708416	2021-01-20	18:58:42	en	US
1351967440859766785	2021-01-20	18:58:50	en	US
1351968224561278979	2021-01-20	19:01:57	en	US
1351968513301352448	2021-01-20	19:03:06	en	US
1351968542854422528	2021-01-20	19:03:13	en	US
1351968554833371138	2021-01-20	19:03:16	en	US
1351968601935405059	2021-01-20	19:03:27	en	US
1351968726963384322	2021-01-20	19:03:57	en	US
1351968759326584832	2021-01-20	19:04:05	en	US
1351968815228334082	2021-01-20	19:04:18	en	US
1351968866889560064	2021-01-20	19:04:30	en	US
1351969200814891018	2021-01-20	19:05:50	en	US
1351969511898046466	2021-01-20	19:07:04	en	US
1351969620618477568	2021-01-20	19:07:30	en	US
1351969749857660931	2021-01-20	19:08:01	en	US
1351969983417491457	2021-01-20	19:08:57	en	US
1351970021484990473	2021-01-20	19:09:06	en	US
1351970256609284096	2021-01-20	19:10:02	en	US
1351970557986795528	2021-01-20	19:11:14	en	US
1351970803009646595	2021-01-20	19:12:12	en	US
1351970816632696835	2021-01-20	19:12:15	en	US
1351970980676186112	2021-01-20	19:12:54	en	US
1351971058086277122	2021-01-20	19:13:13	en	US
1351971187224674304	2021-01-20	19:13:44	en	US
1351972658079019008	2021-01-20	19:19:34	en	US
1351972698688204802	2021-01-20	19:19:44	en	US
1351973057343188993	2021-01-20	19:21:09	en	US
1351973111571361796	2021-01-20	19:21:22	en	US
1351973609653338117	2021-01-20	19:23:21	en	US
1351974074243665925	2021-01-20	19:25:12	en	US
1351974351738863616	2021-01-20	19:26:18	en	US
1351974707160096768	2021-01-20	19:27:43	en	US
1351974928191516678	2021-01-20	19:28:36	en	US
1351975013847543809	2021-01-20	19:28:56	en	US
1351975032684044289	2021-01-20	19:29:00	en	US
1351975038866518018	2021-01-20	19:29:02	en	US
1351975076917338121	2021-01-20	19:29:11	en	US
1351975156005154818	2021-01-20	19:29:30	en	US
1351975359043039233	2021-01-20	19:30:18	en	US
1351975556284182528	2021-01-20	19:31:05	en	US
1351975672718225409	2021-01-20	19:31:33	en	US
1351975836883283979	2021-01-20	19:32:12	en	US
1351976183936802817	2021-01-20	19:33:35	en	US
1351976365457813505	2021-01-20	19:34:18	en	US
1351976468298035201	2021-01-20	19:34:43	en	US
1351976469942120451	2021-01-20	19:34:43	en	US
1351976497347760131	2021-01-20	19:34:50	en	US
1351977003730268160	2021-01-20	19:36:50	en	US
1351977047724355585	2021-01-20	19:37:01	en	US
1351977393737621512	2021-01-20	19:38:23	en	US
1351977867605798914	2021-01-20	19:40:16	en	US
1351977937625522177	2021-01-20	19:40:33	en	US
1351978144526434308	2021-01-20	19:41:22	en	US
1351978354996621322	2021-01-20	19:42:13	en	US
1351978459355107333	2021-01-20	19:42:37	en	US
1351979405468291072	2021-01-20	19:46:23	en	US
1351979406324084743	2021-01-20	19:46:23	en	US
1351979450855006208	2021-01-20	19:46:34	en	US
1351979476909867008	2021-01-20	19:46:40	en	US
1351979792657076224	2021-01-20	19:47:55	en	US
1351979841193730049	2021-01-20	19:48:07	en	US
1351980021745938432	2021-01-20	19:48:50	en	US
1351980042570633221	2021-01-20	19:48:55	en	US
1351980063466643463	2021-01-20	19:49:00	en	US
1351980374822330368	2021-01-20	19:50:14	en	US
1351980905183801345	2021-01-20	19:52:21	en	US
1351981024876617728	2021-01-20	19:52:49	en	US
1351981229680242690	2021-01-20	19:53:38	en	US
1351981399012589568	2021-01-20	19:54:18	en	US
1351981427546583048	2021-01-20	19:54:25	en	US
1351981433196318727	2021-01-20	19:54:26	en	US
1351981827800633349	2021-01-20	19:56:01	en	US
1351981829801312258	2021-01-20	19:56:01	en	US
1351981938874134535	2021-01-20	19:56:27	en	US
1351982001474121737	2021-01-20	19:56:42	en	US
1351982087725744129	2021-01-20	19:57:02	en	US
1351982112749056005	2021-01-20	19:57:08	en	US
1351982235981918213	2021-01-20	19:57:38	en	US
1351982380878237696	2021-01-20	19:58:12	en	US
1351982398850932737	2021-01-20	19:58:17	en	US
1351982436402401280	2021-01-20	19:58:26	en	US
1351982880902295556	2021-01-20	20:00:12	en	US
1351983255814340608	2021-01-20	20:01:41	en	US
1351983463381889025	2021-01-20	20:02:30	en	US
1351983471900680193	2021-01-20	20:02:32	en	US
1351983601445961730	2021-01-20	20:03:03	en	US
1351983622480224257	2021-01-20	20:03:08	en	US
1351983663194415106	2021-01-20	20:03:18	en	US
1351983817381212160	2021-01-20	20:03:55	en	US
1351983835416846337	2021-01-20	20:03:59	en	US
1351983870745329664	2021-01-20	20:04:08	en	US
1351984047665287168	2021-01-20	20:04:50	en	US
1351984060512542721	2021-01-20	20:04:53	en	US
1351984487358410752	2021-01-20	20:06:35	en	US
1351984664416837646	2021-01-20	20:07:17	en	US
1351984757974978564	2021-01-20	20:07:39	en	US
1351984904620281857	2021-01-20	20:08:14	en	US
1351985139446738946	2021-01-20	20:09:10	en	US
1351985447698915335	2021-01-20	20:10:24	en	US
1351985527264845824	2021-01-20	20:10:43	en	US
1351985539285733384	2021-01-20	20:10:45	en	US
1351985629882699780	2021-01-20	20:11:07	en	US
1351985800582492166	2021-01-20	20:11:48	en	US
1351985854034571265	2021-01-20	20:12:00	en	US
1351985900587126787	2021-01-20	20:12:12	en	US
1351986262870208513	2021-01-20	20:13:38	en	US
1351986270713618432	2021-01-20	20:13:40	en	US
1351986393078259712	2021-01-20	20:14:09	en	US
1351986436812095490	2021-01-20	20:14:19	en	US
1351986644598083586	2021-01-20	20:15:09	en	US
1351986672385327104	2021-01-20	20:15:16	en	US
1351986795874037762	2021-01-20	20:15:45	en	US
1351986945363099649	2021-01-20	20:16:21	en	US
1351986959367823361	2021-01-20	20:16:24	en	US
1351987137101484032	2021-01-20	20:17:06	en	US
1351987230563250176	2021-01-20	20:17:29	en	US
1351987308791296000	2021-01-20	20:17:47	en	US
1351987488005480457	2021-01-20	20:18:30	en	US
1351987660802256899	2021-01-20	20:19:11	en	US
1351987722500538370	2021-01-20	20:19:26	en	US
1351987757237882885	2021-01-20	20:19:34	en	US
1351988494898515977	2021-01-20	20:22:30	en	US
1351988509163155456	2021-01-20	20:22:33	en	US
1351988509989601282	2021-01-20	20:22:34	en	US
1351988562149974019	2021-01-20	20:22:46	en	US
1351988625425231877	2021-01-20	20:23:01	en	US
1351988711668342784	2021-01-20	20:23:22	en	US
1351988908108734465	2021-01-20	20:24:09	en	US
1351989069035696130	2021-01-20	20:24:47	en	US
1351989248107417601	2021-01-20	20:25:30	en	US
1351989726547488769	2021-01-20	20:27:24	en	US
1351989834127175686	2021-01-20	20:27:49	en	US
1351989880079998984	2021-01-20	20:28:00	en	US
1351990014482198530	2021-01-20	20:28:32	en	US
1351990115854413829	2021-01-20	20:28:57	en	US
1351990423519051776	2021-01-20	20:30:10	en	US
1351990464635920384	2021-01-20	20:30:20	en	US
1351990534756327434	2021-01-20	20:30:36	en	US
1351991029197582337	2021-01-20	20:32:34	en	US
1351991085569081344	2021-01-20	20:32:48	en	US
1351991290465017858	2021-01-20	20:33:37	en	US
1351991306663452682	2021-01-20	20:33:40	en	US
1351991451723378694	2021-01-20	20:34:15	en	US
1351991683840413703	2021-01-20	20:35:10	en	US
1351991705243967494	2021-01-20	20:35:15	en	US
1351991770133966853	2021-01-20	20:35:31	en	US
1351991772482834433	2021-01-20	20:35:32	en	US
1351991876358791168	2021-01-20	20:35:56	en	US
1351991900207804417	2021-01-20	20:36:02	en	US
1351991958080790533	2021-01-20	20:36:16	en	US
1351992034073210881	2021-01-20	20:36:34	en	US
1351992383697727489	2021-01-20	20:37:57	en	US
1351992601952608257	2021-01-20	20:38:49	en	US
1351993028827869188	2021-01-20	20:40:31	en	US
1351993028932677640	2021-01-20	20:40:31	en	US
1351993094133194753	2021-01-20	20:40:47	en	US
1351993188572160004	2021-01-20	20:41:09	en	US
1351993195295625220	2021-01-20	20:41:11	en	US
1351993216992739328	2021-01-20	20:41:16	en	US
1351993265894014977	2021-01-20	20:41:28	en	US
1351993344457666561	2021-01-20	20:41:46	en	US
1351993480189513730	2021-01-20	20:42:19	en	US
1351993692559650816	2021-01-20	20:43:09	en	US
1351994010987073537	2021-01-20	20:44:25	en	US
1351994216365350914	2021-01-20	20:45:14	en	US
1351994306245111826	2021-01-20	20:45:36	en	US
1351994338365071363	2021-01-20	20:45:43	en	US
1351994377162383361	2021-01-20	20:45:53	en	US
1351994437392605189	2021-01-20	20:46:07	en	US
1351994761134157826	2021-01-20	20:47:24	en	US
1351994894072614914	2021-01-20	20:47:56	en	US
1351994962062282759	2021-01-20	20:48:12	en	US
1351995026071576576	2021-01-20	20:48:27	en	US
1351995067595071488	2021-01-20	20:48:37	en	US
1351995726679695360	2021-01-20	20:51:14	en	US
1351995773702053891	2021-01-20	20:51:25	en	US
1351995850730467333	2021-01-20	20:51:44	en	US
1351995914747928576	2021-01-20	20:51:59	en	US
1351996358153166848	2021-01-20	20:53:45	en	US
1351996364549459975	2021-01-20	20:53:46	en	US
1351996367800053760	2021-01-20	20:53:47	en	US
1351996393263669248	2021-01-20	20:53:53	en	US
1351996489417986050	2021-01-20	20:54:16	en	US
1351996664119234565	2021-01-20	20:54:58	en	US
1351996714727723014	2021-01-20	20:55:10	en	US
1351996760470609921	2021-01-20	20:55:21	en	US
1351996798450089985	2021-01-20	20:55:30	en	US
1351996807086133248	2021-01-20	20:55:32	en	US
1351996819975200769	2021-01-20	20:55:35	en	US
1351997003132125186	2021-01-20	20:56:19	en	US
1351997102524653568	2021-01-20	20:56:42	en	US
1351997301070426118	2021-01-20	20:57:30	en	US
1351997342107398144	2021-01-20	20:57:39	en	US
1351997450106544128	2021-01-20	20:58:05	en	US
1351997514120003584	2021-01-20	20:58:20	en	US
1351997540795883521	2021-01-20	20:58:27	en	US
1351997587423838208	2021-01-20	20:58:38	en	US
1351997679111385091	2021-01-20	20:59:00	en	US
1351997714586873856	2021-01-20	20:59:08	en	US
1351997805674590209	2021-01-20	20:59:30	en	US
1351998077939245058	2021-01-20	21:00:35	en	US
1351998140015116290	2021-01-20	21:00:50	en	US
1351998168125198336	2021-01-20	21:00:56	en	US
1351998199414722560	2021-01-20	21:01:04	en	US
1351998369372139522	2021-01-20	21:01:44	en	US
1351998468601085952	2021-01-20	21:02:08	en	US
1351998705445052417	2021-01-20	21:03:04	en	US
1351998791730290693	2021-01-20	21:03:25	en	US
1351998797937782785	2021-01-20	21:03:27	en	US
1351998843378933760	2021-01-20	21:03:37	en	US
1351999203287965697	2021-01-20	21:05:03	en	US
1351999308514648065	2021-01-20	21:05:28	en	US
1351999360914092032	2021-01-20	21:05:41	en	US
1351999538190548999	2021-01-20	21:06:23	en	US
1351999822094610433	2021-01-20	21:07:31	en	US
1351999858786390023	2021-01-20	21:07:39	en	US
1351999931595124736	2021-01-20	21:07:57	en	US
1351999964302487554	2021-01-20	21:08:05	en	US
1352000131978113027	2021-01-20	21:08:45	en	US
1352000238500851712	2021-01-20	21:09:10	en	US
1352000320566489088	2021-01-20	21:09:30	en	US
1352000547038097417	2021-01-20	21:10:24	en	US
1352000558802980865	2021-01-20	21:10:26	en	US
1352000879298134017	2021-01-20	21:11:43	en	US
1352000907404222464	2021-01-20	21:11:49	en	US
1352001078972342274	2021-01-20	21:12:30	en	US
1352001213114556418	2021-01-20	21:13:02	en	US
1352001349781741573	2021-01-20	21:13:35	en	US
1352001423697960962	2021-01-20	21:13:53	en	US
1352001744339947523	2021-01-20	21:15:09	en	US
1352001841517785096	2021-01-20	21:15:32	en	US
1352002193591857152	2021-01-20	21:16:56	en	US
1352002442494242817	2021-01-20	21:17:55	en	US
1352002651752259584	2021-01-20	21:18:45	en	US
1352002662322089985	2021-01-20	21:18:48	en	US
1352002728873127937	2021-01-20	21:19:04	en	US
1352002924038086656	2021-01-20	21:19:50	en	US
1352003035279474688	2021-01-20	21:20:17	en	US
1352003146495774721	2021-01-20	21:20:43	en	US
1352003185112702983	2021-01-20	21:20:52	en	US
1352003490063605761	2021-01-20	21:22:05	en	US
1352003766652960768	2021-01-20	21:23:11	en	US
1352003887767691266	2021-01-20	21:23:40	en	US
1352003975550263296	2021-01-20	21:24:01	en	US
1352004082840596485	2021-01-20	21:24:27	en	US
1352004249413185537	2021-01-20	21:25:06	en	US
1352004339225788418	2021-01-20	21:25:28	en	US
1352004458004295680	2021-01-20	21:25:56	en	US
1352004673474080770	2021-01-20	21:26:47	en	US
1352004772170182656	2021-01-20	21:27:11	en	US
1352004794261581826	2021-01-20	21:27:16	en	US
1352004822325723143	2021-01-20	21:27:23	en	US
1352004992136323078	2021-01-20	21:28:03	en	US
1352005044162461696	2021-01-20	21:28:16	en	US
1352005353404297216	2021-01-20	21:29:29	en	US
1352006120391364608	2021-01-20	21:32:32	en	US
1352006477565878275	2021-01-20	21:33:57	en	US
1352006491235110914	2021-01-20	21:34:01	en	US
1352006534725840898	2021-01-20	21:34:11	en	US
1352006939547467780	2021-01-20	21:35:48	en	US
1352006943347531776	2021-01-20	21:35:49	en	US
1352007052709781505	2021-01-20	21:36:15	en	US
1352007096947126275	2021-01-20	21:36:25	en	US
1352007224005177345	2021-01-20	21:36:55	en	US
1352007228018987008	2021-01-20	21:36:56	en	US
1352007235896045568	2021-01-20	21:36:58	en	US
1352007239050080263	2021-01-20	21:36:59	en	US
1352007643141967874	2021-01-20	21:38:35	en	US
1352007681960255488	2021-01-20	21:38:45	en	US
1352007709944655872	2021-01-20	21:38:51	en	US
1352007935073738753	2021-01-20	21:39:45	en	US
1352008057363038211	2021-01-20	21:40:14	en	US
1352008507776663553	2021-01-20	21:42:02	en	US
1352008695677386755	2021-01-20	21:42:46	en	US
1352008707194802177	2021-01-20	21:42:49	en	US
1352008779932573696	2021-01-20	21:43:06	en	US
1352009099731480586	2021-01-20	21:44:23	en	US
1352009142899150848	2021-01-20	21:44:33	en	US
1352009151665250304	2021-01-20	21:44:35	en	US
1352009309048111105	2021-01-20	21:45:13	en	US
1352009346478051329	2021-01-20	21:45:21	en	US
1352009505928724480	2021-01-20	21:45:59	en	US
1352009601210867714	2021-01-20	21:46:22	en	US
1352009751803125762	2021-01-20	21:46:58	en	US
1352009783235256321	2021-01-20	21:47:06	en	US
1352009907399254017	2021-01-20	21:47:35	en	US
1352009910414934016	2021-01-20	21:47:36	en	US
1352010113347854340	2021-01-20	21:48:24	en	US
1352010394458472449	2021-01-20	21:49:31	en	US
1352010492026433537	2021-01-20	21:49:55	en	US
1352010695676747785	2021-01-20	21:50:43	en	US
1352010724193804293	2021-01-20	21:50:50	en	US
1352011183583186945	2021-01-20	21:52:39	en	US
1352011566603005954	2021-01-20	21:54:11	en	US
1352011800628363267	2021-01-20	21:55:07	en	US
1352011835311091716	2021-01-20	21:55:15	en	US
1352011845205438464	2021-01-20	21:55:17	en	US
1352011896245932034	2021-01-20	21:55:29	en	US
1352012007822790656	2021-01-20	21:55:56	en	US
1352012221275107331	2021-01-20	21:56:47	en	US
1352012275843035141	2021-01-20	21:57:00	en	US
1352012361775906824	2021-01-20	21:57:20	en	US
1352012779272679425	2021-01-20	21:59:00	en	US
1352012789712367617	2021-01-20	21:59:02	en	US
1352013152850898944	2021-01-20	22:00:29	en	US
1352013413208080384	2021-01-20	22:01:31	en	US
1352013582901379073	2021-01-20	22:02:12	en	US
1352013645451034624	2021-01-20	22:02:26	en	US
1352013686152458240	2021-01-20	22:02:36	en	US
1352013841924825090	2021-01-20	22:03:13	en	US
1352013959654756355	2021-01-20	22:03:41	en	US
1352014117695963137	2021-01-20	22:04:19	en	US
1352014165293080577	2021-01-20	22:04:30	en	US
1352014231995035651	2021-01-20	22:04:46	en	US
1352014363037675524	2021-01-20	22:05:18	en	US
1352014445325680643	2021-01-20	22:05:37	en	US
1352014475667365894	2021-01-20	22:05:44	en	US
1352014496412409856	2021-01-20	22:05:49	en	US
1352014807541534723	2021-01-20	22:07:03	en	US
1352015184945147908	2021-01-20	22:08:33	en	US
1352015215928475649	2021-01-20	22:08:41	en	US
1352015224166080515	2021-01-20	22:08:43	en	US
1352015392596582400	2021-01-20	22:09:23	en	US
1352015475451035653	2021-01-20	22:09:43	en	US
1352015581315100673	2021-01-20	22:10:08	en	US
1352016129871515651	2021-01-20	22:12:19	en	US
1352016217058537472	2021-01-20	22:12:40	en	US
1352016301791858689	2021-01-20	22:13:00	en	US
1352016538430275591	2021-01-20	22:13:56	en	US
1352016588774510600	2021-01-20	22:14:08	en	US
1352016620835663874	2021-01-20	22:14:16	en	US
1352016789857820676	2021-01-20	22:14:56	en	US
1352016853275729923	2021-01-20	22:15:11	en	US
1352016872003264515	2021-01-20	22:15:16	en	US
1352016888067309569	2021-01-20	22:15:20	en	US
1352017217362255872	2021-01-20	22:16:38	en	US
1352017500955942916	2021-01-20	22:17:46	en	US
1352017508874809346	2021-01-20	22:17:48	en	US
1352017774554583040	2021-01-20	22:18:51	en	US
1352017781382905857	2021-01-20	22:18:53	en	US
1352018116319059969	2021-01-20	22:20:12	en	US
1352018116344209408	2021-01-20	22:20:12	en	US
1352018204231688193	2021-01-20	22:20:33	en	US
1352018271902420992	2021-01-20	22:20:49	en	US
1352018558805536773	2021-01-20	22:21:58	en	US
1352018655488471044	2021-01-20	22:22:21	en	US
1352018788410122246	2021-01-20	22:22:53	en	US
1352018803664842756	2021-01-20	22:22:56	en	US
1352018887286665220	2021-01-20	22:23:16	en	US
1352018897948602371	2021-01-20	22:23:19	en	US
1352018995201847307	2021-01-20	22:23:42	en	US
1352019063363530757	2021-01-20	22:23:58	en	US
1352019083257114626	2021-01-20	22:24:03	en	US
1352019124919164929	2021-01-20	22:24:13	en	US
1352019220951937024	2021-01-20	22:24:36	en	US
1352019380176084995	2021-01-20	22:25:14	en	US
1352019410140196865	2021-01-20	22:25:21	en	US
1352019484295397380	2021-01-20	22:25:39	en	US
1352019560187232256	2021-01-20	22:25:57	en	US
1352019785740144642	2021-01-20	22:26:50	en	US
1352020006809296896	2021-01-20	22:27:43	en	US
1352020019056693250	2021-01-20	22:27:46	en	US
1352020773565849610	2021-01-20	22:30:46	en	US
1352020791123054592	2021-01-20	22:30:50	en	US
1352020895108378624	2021-01-20	22:31:15	en	US
1352020955917295617	2021-01-20	22:31:29	en	US
1352021044366880773	2021-01-20	22:31:50	en	US
1352021186016931840	2021-01-20	22:32:24	en	US
1352021240823894017	2021-01-20	22:32:37	en	US
1352021251963940866	2021-01-20	22:32:40	en	US
1352021266832748546	2021-01-20	22:32:44	en	US
1352021432939720707	2021-01-20	22:33:23	en	US
1352021476099018752	2021-01-20	22:33:33	en	US
1352021609087967232	2021-01-20	22:34:05	en	US
1352021954769907714	2021-01-20	22:35:28	en	US
1352021986403254273	2021-01-20	22:35:35	en	US
1352022302892957697	2021-01-20	22:36:51	en	US
1352022492358049792	2021-01-20	22:37:36	en	US
1352022686038278145	2021-01-20	22:38:22	en	US
1352022816271577088	2021-01-20	22:38:53	en	US
1352022845199683585	2021-01-20	22:39:00	en	US
1352022887390191618	2021-01-20	22:39:10	en	US
1352022945179312130	2021-01-20	22:39:24	en	US
1352022971947352065	2021-01-20	22:39:30	en	US
1352022999562522629	2021-01-20	22:39:37	en	US
1352023089681350662	2021-01-20	22:39:58	en	US
1352023157704712195	2021-01-20	22:40:14	en	US
1352023214763900928	2021-01-20	22:40:28	en	US
1352023285341384705	2021-01-20	22:40:45	en	US
1352023371937173504	2021-01-20	22:41:05	en	US
1352023424902819846	2021-01-20	22:41:18	en	US
1352023949312466946	2021-01-20	22:43:23	en	US
1352024003792281601	2021-01-20	22:43:36	en	US
1352024152908021760	2021-01-20	22:44:12	en	US
1352024193773293579	2021-01-20	22:44:21	en	US
1352024278825361416	2021-01-20	22:44:42	en	US
1352024513224060933	2021-01-20	22:45:38	en	US
1352024524087324672	2021-01-20	22:45:40	en	US
1352024564692357126	2021-01-20	22:45:50	en	US
1352024827045920769	2021-01-20	22:46:52	en	US
1352025128725585924	2021-01-20	22:48:04	en	US
1352025200628543490	2021-01-20	22:48:21	en	US
1352025654607437829	2021-01-20	22:50:10	en	US
1352025719879168003	2021-01-20	22:50:25	en	US
1352026203499225089	2021-01-20	22:52:21	en	US
1352026454738022400	2021-01-20	22:53:20	en	US
1352026527865724931	2021-01-20	22:53:38	en	US
1352026566562357250	2021-01-20	22:53:47	en	US
1352026772540436481	2021-01-20	22:54:36	en	US
1352027090233778177	2021-01-20	22:55:52	en	US
1352027130842984448	2021-01-20	22:56:02	en	US
1352027132550127619	2021-01-20	22:56:02	en	US
1352027569600675841	2021-01-20	22:57:46	en	US
1352027591603994624	2021-01-20	22:57:51	en	US
1352027658335313920	2021-01-20	22:58:07	en	US
1352027739637821440	2021-01-20	22:58:27	en	US
1352027797959544833	2021-01-20	22:58:41	en	US
1352027799675142145	2021-01-20	22:58:41	en	US
1352027861121716226	2021-01-20	22:58:56	en	US
1352027968244129792	2021-01-20	22:59:21	en	US
1352028125408931845	2021-01-20	22:59:59	en	US
1352028187170115585	2021-01-20	23:00:13	en	US
1352028231164067842	2021-01-20	23:00:24	en	US
1352028403231293440	2021-01-20	23:01:05	en	US
1352028497519239170	2021-01-20	23:01:27	en	US
1352028674036535296	2021-01-20	23:02:10	en	US
1352028678776086528	2021-01-20	23:02:11	en	US
1352028725953654784	2021-01-20	23:02:22	en	US
1352028905855725568	2021-01-20	23:03:05	en	US
1352028906833010689	2021-01-20	23:03:05	en	US
1352028934490222592	2021-01-20	23:03:12	en	US
1352028941004005378	2021-01-20	23:03:13	en	US
1352028978152931330	2021-01-20	23:03:22	en	US
1352029163834716160	2021-01-20	23:04:06	en	US
1352029336061272066	2021-01-20	23:04:47	en	US
1352029499374747648	2021-01-20	23:05:26	en	US
1352029631831040002	2021-01-20	23:05:58	en	US
1352029697647980545	2021-01-20	23:06:14	en	US
1352029723166187520	2021-01-20	23:06:20	en	US
1352029835435126785	2021-01-20	23:06:46	en	US
1352029864484716544	2021-01-20	23:06:53	en	US
1352029938556284929	2021-01-20	23:07:11	en	US
1352030109016989700	2021-01-20	23:07:52	en	US
1352030306593873923	2021-01-20	23:08:39	en	US
1352030810581438465	2021-01-20	23:10:39	en	US
1352030974746324992	2021-01-20	23:11:18	en	US
1352031036746694659	2021-01-20	23:11:33	en	US
1352031260466700289	2021-01-20	23:12:26	en	US
1352031405228785666	2021-01-20	23:13:01	en	US
1352031656849399813	2021-01-20	23:14:01	en	US
1352032142063259649	2021-01-20	23:15:56	en	US
1352032303254532102	2021-01-20	23:16:35	en	US
1352032334862807047	2021-01-20	23:16:42	en	US
1352032383164436480	2021-01-20	23:16:54	en	US
1352032460167643137	2021-01-20	23:17:12	en	US
1352032561954840576	2021-01-20	23:17:36	en	US
1352032650983211008	2021-01-20	23:17:58	en	US
1352032880625553413	2021-01-20	23:18:52	en	US
1352032989581090817	2021-01-20	23:19:18	en	US
1352033280237957122	2021-01-20	23:20:28	en	US
1352033310894133256	2021-01-20	23:20:35	en	US
1352033378644721668	2021-01-20	23:20:51	en	US
1352033456637833219	2021-01-20	23:21:10	en	US
1352033687303380993	2021-01-20	23:22:05	en	US
1352033917981892609	2021-01-20	23:23:00	en	US
1352034566081372161	2021-01-20	23:25:34	en	US
1352035029124329476	2021-01-20	23:27:25	en	US
1352035087055990785	2021-01-20	23:27:39	en	US
1352035152499716102	2021-01-20	23:27:54	en	US
1352035236478152710	2021-01-20	23:28:14	en	US
1352035477663043585	2021-01-20	23:29:12	en	US
1352035488954257408	2021-01-20	23:29:14	en	US
1352035801836654594	2021-01-20	23:30:29	en	US
1352035912973049858	2021-01-20	23:30:55	en	US
1352036040941465606	2021-01-20	23:31:26	en	US
1352036091789012994	2021-01-20	23:31:38	en	US
1352036513043779584	2021-01-20	23:33:18	en	US
1352036701690949634	2021-01-20	23:34:03	en	US
1352037014053511169	2021-01-20	23:35:18	en	US
1352037026778984449	2021-01-20	23:35:21	en	US
1352037153996382209	2021-01-20	23:35:51	en	US
1352037284959272961	2021-01-20	23:36:23	en	US
1352037419047030788	2021-01-20	23:36:54	en	US
1352038092367163393	2021-01-20	23:39:35	en	US
1352038166384013313	2021-01-20	23:39:53	en	US
1352038262693634051	2021-01-20	23:40:16	en	US
1352038403790008325	2021-01-20	23:40:49	en	US
1352038661521612800	2021-01-20	23:41:51	en	US
1352039081996410892	2021-01-20	23:43:31	en	US
1352039105685839872	2021-01-20	23:43:37	en	US
1352039286762328064	2021-01-20	23:44:20	en	US
1352039313169637377	2021-01-20	23:44:26	en	US
1352039494967459842	2021-01-20	23:45:09	en	US
1352039792717012995	2021-01-20	23:46:20	en	US
1352039867484663809	2021-01-20	23:46:38	en	US
1352040217855848451	2021-01-20	23:48:02	en	US
1352040232523358208	2021-01-20	23:48:05	en	US
1352040450987880448	2021-01-20	23:48:57	en	US
1352040493857734657	2021-01-20	23:49:08	en	US
1352040605602504704	2021-01-20	23:49:34	en	US
1352040914106142724	2021-01-20	23:50:48	en	US
1352041055617744899	2021-01-20	23:51:22	en	US
1352041070440443904	2021-01-20	23:51:25	en	US
1352041312552431617	2021-01-20	23:52:23	en	US
1352041421709193223	2021-01-20	23:52:49	en	US
1352041579717009421	2021-01-20	23:53:26	en	US
1352041679931510784	2021-01-20	23:53:50	en	US
1352041818335141888	2021-01-20	23:54:23	en	US
1352041887327109121	2021-01-20	23:54:40	en	US
1352041973813751808	2021-01-20	23:55:00	en	US
1352042132907896839	2021-01-20	23:55:38	en	US
1352042302764675073	2021-01-20	23:56:19	en	US
1352042642603978759	2021-01-20	23:57:40	en	US
1352042784031649794	2021-01-20	23:58:14	en	US
1352043282126278658	2021-01-21	00:00:12	en	US
1352043364636622850	2021-01-21	00:00:32	en	US
1352043786176753665	2021-01-21	00:02:13	en	US
1352043799275569156	2021-01-21	00:02:16	en	US
1352044135839096841	2021-01-21	00:03:36	en	US
1352044145297166336	2021-01-21	00:03:38	en	US
1352044224255037443	2021-01-21	00:03:57	en	US
1352044573271457793	2021-01-21	00:05:20	en	US
1352044630855057410	2021-01-21	00:05:34	en	US
1352044683711533057	2021-01-21	00:05:47	en	US
1352044777605394433	2021-01-21	00:06:09	en	US
1352044824669675520	2021-01-21	00:06:20	en	US
1352045095680401411	2021-01-21	00:07:25	en	US
1352045098859524097	2021-01-21	00:07:26	en	US
1352045129201115137	2021-01-21	00:07:33	en	US
1352045267118338050	2021-01-21	00:08:06	en	US
1352045505585491979	2021-01-21	00:09:02	en	US
1352045529023262721	2021-01-21	00:09:08	en	US
1352045794245926914	2021-01-21	00:10:11	en	US
1352045823752695808	2021-01-21	00:10:18	en	US
1352046106616631301	2021-01-21	00:11:26	en	US
1352046159502536704	2021-01-21	00:11:38	en	US
1352046252314267648	2021-01-21	00:12:01	en	US
1352046269284413447	2021-01-21	00:12:05	en	US
1352046600529522689	2021-01-21	00:13:24	en	US
1352046720591552513	2021-01-21	00:13:52	en	US
1352047165389086722	2021-01-21	00:15:38	en	US
1352047378417803265	2021-01-21	00:16:29	en	US
1352048104317607937	2021-01-21	00:19:22	en	US
1352048165348892679	2021-01-21	00:19:37	en	US
1352048181098369025	2021-01-21	00:19:40	en	US
1352048230662549504	2021-01-21	00:19:52	en	US
1352049124498042880	2021-01-21	00:23:25	en	US
1352049402110738433	2021-01-21	00:24:31	en	US
1352049422796992513	2021-01-21	00:24:36	en	US
1352049439813234688	2021-01-21	00:24:40	en	US
1352049764150484994	2021-01-21	00:25:58	en	US
1352049999107002374	2021-01-21	00:26:54	en	US
1352050117805809671	2021-01-21	00:27:22	en	US
1352050418369626120	2021-01-21	00:28:34	en	US
1352050496387821568	2021-01-21	00:28:52	en	US
1352050728618106883	2021-01-21	00:29:48	en	US
1352050766844997634	2021-01-21	00:29:57	en	US
1352051282291384321	2021-01-21	00:32:00	en	US
1352051872098611201	2021-01-21	00:34:20	en	US
1352052161996271618	2021-01-21	00:35:29	en	US
1352052208326606848	2021-01-21	00:35:41	en	US
1352052334763921408	2021-01-21	00:36:11	en	US
1352052550439211009	2021-01-21	00:37:02	en	US
1352052719398346754	2021-01-21	00:37:42	en	US
1352052773030920195	2021-01-21	00:37:55	en	US
1352052982272188419	2021-01-21	00:38:45	en	US
1352053230256078849	2021-01-21	00:39:44	en	US
1352053895833518087	2021-01-21	00:42:23	en	US
1352053928544747520	2021-01-21	00:42:31	en	US
1352053959339466753	2021-01-21	00:42:38	en	US
1352054045964427266	2021-01-21	00:42:59	en	US
1352054264030523395	2021-01-21	00:43:51	en	US
1352054301242306561	2021-01-21	00:44:00	en	US
1352054365385854981	2021-01-21	00:44:15	en	US
1352054454233649152	2021-01-21	00:44:36	en	US
1352054793120919555	2021-01-21	00:45:57	en	US
1352054996943122434	2021-01-21	00:46:45	en	US
1352055109866307585	2021-01-21	00:47:12	en	US
1352055110411710465	2021-01-21	00:47:12	en	US
1352055297456660481	2021-01-21	00:47:57	en	US
1352055724801740801	2021-01-21	00:49:39	en	US
1352055849376739331	2021-01-21	00:50:09	en	US
1352055913276964867	2021-01-21	00:50:24	en	US
1352056074564739077	2021-01-21	00:51:02	en	US
1352056249387343875	2021-01-21	00:51:44	en	US
1352056425506340866	2021-01-21	00:52:26	en	US
1352056602824622081	2021-01-21	00:53:08	en	US
1352056760912257024	2021-01-21	00:53:46	en	US
1352056931775557633	2021-01-21	00:54:27	en	US
1352057571931283457	2021-01-21	00:56:59	en	US
1352057599928229894	2021-01-21	00:57:06	en	US
1352057622032220161	2021-01-21	00:57:11	en	US
1352057762943909888	2021-01-21	00:57:45	en	US
1352057878211915783	2021-01-21	00:58:12	en	US
1352058103676616704	2021-01-21	00:59:06	en	US
1352058132978143234	2021-01-21	00:59:13	en	US
1352058197457170432	2021-01-21	00:59:28	en	US
1352058332627009542	2021-01-21	01:00:01	en	US
1352058359390892035	2021-01-21	01:00:07	en	US
1352058691994968066	2021-01-21	01:01:26	en	US
1352059138927284225	2021-01-21	01:03:13	en	US
1352059356456620032	2021-01-21	01:04:05	en	US
1352059940693794817	2021-01-21	01:06:24	en	US
1352060171544002560	2021-01-21	01:07:19	en	US
1352060319405899778	2021-01-21	01:07:54	en	US
1352060812890943489	2021-01-21	01:09:52	en	US
1352060859976060928	2021-01-21	01:10:03	en	US
1352061159751479297	2021-01-21	01:11:15	en	US
1352061209730830337	2021-01-21	01:11:27	en	US
1352061368002777088	2021-01-21	01:12:04	en	US
1352061784773910531	2021-01-21	01:13:44	en	US
1352061968509788162	2021-01-21	01:14:28	en	US
1352062066580983814	2021-01-21	01:14:51	en	US
1352062226895679489	2021-01-21	01:15:29	en	US
1352062571050840064	2021-01-21	01:16:51	en	US
1352063059901243393	2021-01-21	01:18:48	en	US
1352063062916952065	2021-01-21	01:18:48	en	US
1352063494846353408	2021-01-21	01:20:31	en	US
1352063508804939778	2021-01-21	01:20:35	en	US
1352063682776342528	2021-01-21	01:21:16	en	US
1352063948103823361	2021-01-21	01:22:20	en	US
1352064193608835072	2021-01-21	01:23:18	en	US
1352064399536697346	2021-01-21	01:24:07	en	US
1352064786675195904	2021-01-21	01:25:39	en	US
1352064921694040070	2021-01-21	01:26:12	en	US
1352065055236497409	2021-01-21	01:26:43	en	US
1352065141366378498	2021-01-21	01:27:04	en	US
1352065195309465601	2021-01-21	01:27:17	en	US
1352065332056358913	2021-01-21	01:27:49	en	US
1352065450599968771	2021-01-21	01:28:18	en	US
1352065792725168134	2021-01-21	01:29:39	en	US
1352065894478917632	2021-01-21	01:30:04	en	US
1352066171806343172	2021-01-21	01:31:10	en	US
1352067043026235393	2021-01-21	01:34:37	en	US
1352067162006028288	2021-01-21	01:35:06	en	US
1352067190439161856	2021-01-21	01:35:13	en	US
1352067202371907585	2021-01-21	01:35:15	en	US
1352067304926957568	2021-01-21	01:35:40	en	US
1352067670074667012	2021-01-21	01:37:07	en	US
1352067751213367297	2021-01-21	01:37:26	en	US
1352068056844005376	2021-01-21	01:38:39	en	US
1352068708852756482	2021-01-21	01:41:15	en	US
1352068767921152001	2021-01-21	01:41:29	en	US
1352068840444874753	2021-01-21	01:41:46	en	US
1352069092241514499	2021-01-21	01:42:46	en	US
1352069377902968832	2021-01-21	01:43:54	en	US
1352069723786256386	2021-01-21	01:45:17	en	US
1352069829524553728	2021-01-21	01:45:42	en	US
1352069942057828354	2021-01-21	01:46:09	en	US
1352069962622504963	2021-01-21	01:46:13	en	US
1352070090834006016	2021-01-21	01:46:44	en	US
1352070334829223936	2021-01-21	01:47:42	en	US
1352070392597393411	2021-01-21	01:47:56	en	US
1352070548067594245	2021-01-21	01:48:33	en	US
1352071042341220352	2021-01-21	01:50:31	en	US
1352071236201943043	2021-01-21	01:51:17	en	US
1352071241461596161	2021-01-21	01:51:18	en	US
1352071373963878402	2021-01-21	01:51:50	en	US
1352071458156122112	2021-01-21	01:52:10	en	US
1352071747739156482	2021-01-21	01:53:19	en	US
1352072274740989958	2021-01-21	01:55:25	en	US
1352072320274231297	2021-01-21	01:55:36	en	US
1352072516999794690	2021-01-21	01:56:23	en	US
1352072649489444864	2021-01-21	01:56:54	en	US
1352072662420480000	2021-01-21	01:56:57	en	US
1352072767882063877	2021-01-21	01:57:22	en	US
1352072912564596737	2021-01-21	01:57:57	en	US
1352073106031079424	2021-01-21	01:58:43	en	US
1352073107067043843	2021-01-21	01:58:43	en	US
1352073108262449155	2021-01-21	01:58:43	en	US
1352073317528715272	2021-01-21	01:59:33	en	US
1352073438639304706	2021-01-21	02:00:02	en	US
1352073481274466309	2021-01-21	02:00:12	en	US
1352073581006647298	2021-01-21	02:00:36	en	US
1352073609339015168	2021-01-21	02:00:43	en	US
1352073674451509250	2021-01-21	02:00:58	en	US
1352073752910188547	2021-01-21	02:01:17	en	US
1352074251705192451	2021-01-21	02:03:16	en	US
1352074261251416069	2021-01-21	02:03:18	en	US
1352074301604708352	2021-01-21	02:03:28	en	US
1352074308538036225	2021-01-21	02:03:30	en	US
1352074462200532995	2021-01-21	02:04:06	en	US
1352074587807297536	2021-01-21	02:04:36	en	US
1352074610645282818	2021-01-21	02:04:42	en	US
1352074790530658304	2021-01-21	02:05:25	en	US
1352075107175329793	2021-01-21	02:06:40	en	US
1352075293813583872	2021-01-21	02:07:25	en	US
1352075569442263043	2021-01-21	02:08:30	en	US
1352075657925242882	2021-01-21	02:08:51	en	US
1352075827878514692	2021-01-21	02:09:32	en	US
1352075919029104642	2021-01-21	02:09:54	en	US
1352076017964363776	2021-01-21	02:10:17	en	US
1352076304955236352	2021-01-21	02:11:26	en	US
1352076416863641603	2021-01-21	02:11:52	en	US
1352077130167795713	2021-01-21	02:14:42	en	US
1352077130813751296	2021-01-21	02:14:43	en	US
1352077428345118720	2021-01-21	02:15:53	en	US
1352077510998163456	2021-01-21	02:16:13	en	US
1352077597975437319	2021-01-21	02:16:34	en	US
1352077742137876484	2021-01-21	02:17:08	en	US
1352078045201371137	2021-01-21	02:18:21	en	US
1352078120292118528	2021-01-21	02:18:38	en	US
1352078124415123457	2021-01-21	02:18:39	en	US
1352078345786298368	2021-01-21	02:19:32	en	US
1352078548828364800	2021-01-21	02:20:21	en	US
1352078644588519425	2021-01-21	02:20:43	en	US
1352078876336246786	2021-01-21	02:21:39	en	US
1352078971605803009	2021-01-21	02:22:01	en	US
1352079108667281408	2021-01-21	02:22:34	en	US
1352079251869106176	2021-01-21	02:23:08	en	US
1352079301873700865	2021-01-21	02:23:20	en	US
1352079863725891584	2021-01-21	02:25:34	en	US
1352080079946473476	2021-01-21	02:26:26	en	US
1352080443034619906	2021-01-21	02:27:52	en	US
1352080583132930050	2021-01-21	02:28:26	en	US
1352081076827656193	2021-01-21	02:30:23	en	US
1352081465912164357	2021-01-21	02:31:56	en	US
1352081657344512000	2021-01-21	02:32:42	en	US
1352081788752064515	2021-01-21	02:33:13	en	US
1352082531487633411	2021-01-21	02:36:10	en	US
1352082763185352708	2021-01-21	02:37:05	en	US
1352082971260448768	2021-01-21	02:37:55	en	US
1352083037622775808	2021-01-21	02:38:11	en	US
1352083383283757057	2021-01-21	02:39:33	en	US
1352083578763546625	2021-01-21	02:40:20	en	US
1352083721659305987	2021-01-21	02:40:54	en	US
1352083821861199875	2021-01-21	02:41:18	en	US
1352083898663137282	2021-01-21	02:41:36	en	US
1352083902656077824	2021-01-21	02:41:37	en	US
1352084039541383168	2021-01-21	02:42:10	en	US
1352084067097976833	2021-01-21	02:42:16	en	US
1352084129416835073	2021-01-21	02:42:31	en	US
1352084138807984133	2021-01-21	02:42:33	en	US
1352084235054575617	2021-01-21	02:42:56	en	US
1352084271217872898	2021-01-21	02:43:05	en	US
1352084671576887298	2021-01-21	02:44:40	en	US
1352084885125664772	2021-01-21	02:45:31	en	US
1352084892226490368	2021-01-21	02:45:33	en	US
1352085017254457346	2021-01-21	02:46:03	en	US
1352085104932364295	2021-01-21	02:46:24	en	US
1352085423594610691	2021-01-21	02:47:40	en	US
1352085715446710273	2021-01-21	02:48:49	en	US
1352086037636542464	2021-01-21	02:50:06	en	US
1352086095614324738	2021-01-21	02:50:20	en	US
1352086164618899458	2021-01-21	02:50:36	en	US
1352086202564931588	2021-01-21	02:50:45	en	US
1352086278930649093	2021-01-21	02:51:04	en	US
1352086382391398400	2021-01-21	02:51:28	en	US
1352086518752370688	2021-01-21	02:52:01	en	US
1352086532123856896	2021-01-21	02:52:04	en	US
1352086586884808705	2021-01-21	02:52:17	en	US
1352086612444913664	2021-01-21	02:52:23	en	US
1352086729335975939	2021-01-21	02:52:51	en	US
1352086809786933249	2021-01-21	02:53:10	en	US
1352086843655860227	2021-01-21	02:53:18	en	US
1352086897280081921	2021-01-21	02:53:31	en	US
1352086943505416195	2021-01-21	02:53:42	en	US
1352087010970894337	2021-01-21	02:53:58	en	US
1352087140826492928	2021-01-21	02:54:29	en	US
1352087140902035460	2021-01-21	02:54:29	en	US
1352087203770470400	2021-01-21	02:54:44	en	US
1352087316425273344	2021-01-21	02:55:11	en	US
1352087483668959232	2021-01-21	02:55:51	en	US
1352087499527614467	2021-01-21	02:55:55	en	US
1352087604565594116	2021-01-21	02:56:20	en	US
1352087775428927489	2021-01-21	02:57:00	en	US
1352087851006103555	2021-01-21	02:57:18	en	US
1352087937379426305	2021-01-21	02:57:39	en	US
1352088078127685637	2021-01-21	02:58:13	en	US
1352088222810030081	2021-01-21	02:58:47	en	US
1352088301965074432	2021-01-21	02:59:06	en	US
1352088484308283392	2021-01-21	02:59:49	en	US
1352088597441048578	2021-01-21	03:00:16	en	US
1352088676768108549	2021-01-21	03:00:35	en	US
1352088702130872324	2021-01-21	03:00:41	en	US
1352088761337749505	2021-01-21	03:00:55	en	US
1352088763665563648	2021-01-21	03:00:56	en	US
1352088831118385152	2021-01-21	03:01:12	en	US
1352088947862728707	2021-01-21	03:01:40	en	US
1352089221268267013	2021-01-21	03:02:45	en	US
1352089238402076673	2021-01-21	03:02:49	en	US
1352089307897499648	2021-01-21	03:03:06	en	US
1352089802536079363	2021-01-21	03:05:04	en	US
1352089805300125698	2021-01-21	03:05:04	en	US
1352089822530134017	2021-01-21	03:05:08	en	US
1352089838749691905	2021-01-21	03:05:12	en	US
1352090264978931715	2021-01-21	03:06:54	en	US
1352090928610066435	2021-01-21	03:09:32	en	US
1352091024223567872	2021-01-21	03:09:55	en	US
1352091042212884484	2021-01-21	03:09:59	en	US
1352091046096715776	2021-01-21	03:10:00	en	US
1352091109997084676	2021-01-21	03:10:15	en	US
1352091150522470406	2021-01-21	03:10:25	en	US
1352091347021398021	2021-01-21	03:11:12	en	US
1352091370354339841	2021-01-21	03:11:17	en	US
1352091761733038080	2021-01-21	03:12:51	en	US
1352091827688656897	2021-01-21	03:13:07	en	US
1352092017065664516	2021-01-21	03:13:52	en	US
1352092429479006208	2021-01-21	03:15:30	en	US
1352092547431075845	2021-01-21	03:15:58	en	US
1352092725693214724	2021-01-21	03:16:41	en	US
1352092772837126144	2021-01-21	03:16:52	en	US
1352092964923842561	2021-01-21	03:17:38	en	US
1352092989192073216	2021-01-21	03:17:43	en	US
1352093036453486596	2021-01-21	03:17:55	en	US
1352093126844940288	2021-01-21	03:18:16	en	US
1352093136135352321	2021-01-21	03:18:18	en	US
1352093301462233092	2021-01-21	03:18:58	en	US
1352093407016087552	2021-01-21	03:19:23	en	US
1352093459365195783	2021-01-21	03:19:36	en	US
1352093889302208513	2021-01-21	03:21:18	en	US
1352093996051550210	2021-01-21	03:21:44	en	US
1352094012782637058	2021-01-21	03:21:47	en	US
1352094084219850754	2021-01-21	03:22:05	en	US
1352094176272285696	2021-01-21	03:22:26	en	US
1352094182949736448	2021-01-21	03:22:28	en	US
1352094240491200513	2021-01-21	03:22:42	en	US
1352094497933455360	2021-01-21	03:23:43	en	US
1352094502836551680	2021-01-21	03:23:44	en	US
1352094539788521473	2021-01-21	03:23:53	en	US
1352094644763561985	2021-01-21	03:24:18	en	US
1352094691764801540	2021-01-21	03:24:29	en	US
1352094817770041345	2021-01-21	03:24:59	en	US
1352094840763330560	2021-01-21	03:25:05	en	US
1352095073610170371	2021-01-21	03:26:00	en	US
1352095212974301184	2021-01-21	03:26:34	en	US
1352095402678513664	2021-01-21	03:27:19	en	US
1352095548153630722	2021-01-21	03:27:54	en	US
1352095613513592832	2021-01-21	03:28:09	en	US
1352095642126979076	2021-01-21	03:28:16	en	US
1352095670556123139	2021-01-21	03:28:23	en	US
1352095725937717249	2021-01-21	03:28:36	en	US
1352095761828372485	2021-01-21	03:28:45	en	US
1352095762981609474	2021-01-21	03:28:45	en	US
1352095956595044354	2021-01-21	03:29:31	en	US
1352095996579352577	2021-01-21	03:29:40	en	US
1352096088807895040	2021-01-21	03:30:02	en	US
1352096135813455879	2021-01-21	03:30:14	en	US
1352096194206564355	2021-01-21	03:30:28	en	US
1352096369465503746	2021-01-21	03:31:09	en	US
1352096491511414784	2021-01-21	03:31:38	en	US
1352096770961137664	2021-01-21	03:32:45	en	US
1352096771795611652	2021-01-21	03:32:45	en	US
1352096974657388544	2021-01-21	03:33:34	en	US
1352097307785900033	2021-01-21	03:34:53	en	US
1352097349854658564	2021-01-21	03:35:03	en	US
1352097384185135107	2021-01-21	03:35:11	en	US
1352097423334678528	2021-01-21	03:35:21	en	US
1352097746094878722	2021-01-21	03:36:38	en	US
1352098555155148802	2021-01-21	03:39:50	en	US
1352098694212907008	2021-01-21	03:40:24	en	US
1352098698193477632	2021-01-21	03:40:25	en	US
1352098909724815362	2021-01-21	03:41:15	en	US
1352099068747477000	2021-01-21	03:41:53	en	US
1352099216638750720	2021-01-21	03:42:28	en	US
1352099510059749382	2021-01-21	03:43:38	en	US
1352100109694230528	2021-01-21	03:46:01	en	US
1352100236643196930	2021-01-21	03:46:31	en	US
1352101300993814529	2021-01-21	03:50:45	en	US
1352101490328887299	2021-01-21	03:51:30	en	US
1352102058976026624	2021-01-21	03:53:46	en	US
1352102813707370499	2021-01-21	03:56:46	en	US
1352103240943476741	2021-01-21	03:58:28	en	US
1352103414398922755	2021-01-21	03:59:09	en	US
1352103613972291592	2021-01-21	03:59:57	en	US
1352103905514106881	2021-01-21	04:01:06	en	US
1352104415226966016	2021-01-21	04:03:08	en	US
1352104465415991297	2021-01-21	04:03:20	en	US
1352104660828626946	2021-01-21	04:04:06	en	US
1352104798141751297	2021-01-21	04:04:39	en	US
1352105524041551873	2021-01-21	04:07:32	en	US
1352105753025384449	2021-01-21	04:08:27	en	US
1352105853474779140	2021-01-21	04:08:51	en	US
1352106169624629251	2021-01-21	04:10:06	en	US
1352106496302096384	2021-01-21	04:11:24	en	US
1352106980421361665	2021-01-21	04:13:19	en	US
1352107069940359168	2021-01-21	04:13:41	en	US
1352107141449064450	2021-01-21	04:13:58	en	US
1352107170586718209	2021-01-21	04:14:05	en	US
1352107367761027073	2021-01-21	04:14:52	en	US
1352107470458654721	2021-01-21	04:15:16	en	US
1352107500099809282	2021-01-21	04:15:23	en	US
1352107845601402882	2021-01-21	04:16:45	en	US
1352107857596956674	2021-01-21	04:16:48	en	US
1352107889377202176	2021-01-21	04:16:56	en	US
1352108165752647680	2021-01-21	04:18:02	en	US
1352108388939952133	2021-01-21	04:18:55	en	US
1352108480400920581	2021-01-21	04:19:17	en	US
1352108767983198209	2021-01-21	04:20:25	en	US
1352108869208715266	2021-01-21	04:20:50	en	US
1352109214085361669	2021-01-21	04:22:12	en	US
1352109301951676418	2021-01-21	04:22:33	en	US
1352109997879042048	2021-01-21	04:25:19	en	US
1352110069337317376	2021-01-21	04:25:36	en	US
1352110146747559937	2021-01-21	04:25:54	en	US
1352110478323970050	2021-01-21	04:27:13	en	US
1352110682037243910	2021-01-21	04:28:02	en	US
1352110782448746498	2021-01-21	04:28:26	en	US
1352110907510452225	2021-01-21	04:28:56	en	US
1352111022627147778	2021-01-21	04:29:23	en	US
1352111097831165957	2021-01-21	04:29:41	en	US
1352111144291295234	2021-01-21	04:29:52	en	US
1352111210360045571	2021-01-21	04:30:08	en	US
1352111369504641025	2021-01-21	04:30:46	en	US
1352111520612814849	2021-01-21	04:31:22	en	US
1352111521992683521	2021-01-21	04:31:22	en	US
1352111717883408390	2021-01-21	04:32:09	en	US
1352111925736341505	2021-01-21	04:32:58	en	US
1352112047195086851	2021-01-21	04:33:27	en	US
1352112068539854848	2021-01-21	04:33:32	en	US
1352112439555342338	2021-01-21	04:35:01	en	US
1352112487508819969	2021-01-21	04:35:12	en	US
1352112514646106117	2021-01-21	04:35:19	en	US
1352112938505498628	2021-01-21	04:37:00	en	US
1352112949108879360	2021-01-21	04:37:02	en	US
1352113085084033025	2021-01-21	04:37:35	en	US
1352113093023850502	2021-01-21	04:37:37	en	US
1352113300750872577	2021-01-21	04:38:26	en	US
1352113609405558786	2021-01-21	04:39:40	en	US
1352113892537884673	2021-01-21	04:40:47	en	US
1352114159626973187	2021-01-21	04:41:51	en	US
1352114193391120389	2021-01-21	04:41:59	en	US
1352114386954027011	2021-01-21	04:42:45	en	US
1352114523520557057	2021-01-21	04:43:18	en	US
1352114605905084420	2021-01-21	04:43:37	en	US
1352114643607711744	2021-01-21	04:43:46	en	US
1352114791398125569	2021-01-21	04:44:22	en	US
1352115091559358479	2021-01-21	04:45:33	en	US
1352115595966353409	2021-01-21	04:47:33	en	US
1352116066172989444	2021-01-21	04:49:25	en	US
1352116069473914883	2021-01-21	04:49:26	en	US
1352116462916255745	2021-01-21	04:51:00	en	US
1352116580621168641	2021-01-21	04:51:28	en	US
1352117153235922948	2021-01-21	04:53:45	en	US
1352117383092203526	2021-01-21	04:54:39	en	US
1352117516559118336	2021-01-21	04:55:11	en	US
1352117750026661890	2021-01-21	04:56:07	en	US
1352117937344294914	2021-01-21	04:56:52	en	US
1352118206119362562	2021-01-21	04:57:56	en	US
1352118300193525760	2021-01-21	04:58:18	en	US
1352118387602718720	2021-01-21	04:58:39	en	US
1352118504263094272	2021-01-21	04:59:07	en	US
1352119477694042121	2021-01-21	05:02:59	en	US
1352119835379990533	2021-01-21	05:04:24	en	US
